Workbook
Name Slicer_Year: #N/A

Sheet README
A1: Title: | B1: Clean Energy Monitoring Dashboard
A2: Author: | B2: Your Name
A3: Date: | B3: 45717
A5: PROJECT OVERVIEW
A6: (3-4 sentences describing what this workbook does and why)
A8: DATA SOURCE
A9: Source: | B9: World Bank Open Data (data.worldbank.org)
A10: Indicators: | B10: EG.ELC.ACCS.ZS | EG.FEC.RNEW.ZS | EN.ATM.CO2E.PC | EG.USE.PCAP.KG.OE |
A11: Coverage: | B11: 217 Countries | Years 2010–2022
A13: COLUMN DICTIONARY
A14: Country_Name | B14: Full country name
A15: Country_Code | B15: SO 3-letter country code
A16: Year of observation (2010–2022)
A17: Electricity_Access | B17: % of population with access to electricity
A18: Renewable_Share | B18: % of total energy consumption from renewables
A19: CO2_Per_Capita | B19: CO2 emissions in metric tons per person
A20: EnergyUse_percapita | B20: Energy use in kg of oil equivalent per capita
A21: Population | B21: Total population
A22: CountryYear_Key | B22: Unique ID: CountryCode-Year (e.g. IND-2022)
A24: SHEET GUIDE
A25: Master_Data | B25: Full cleaned dataset (source of truth)
A26: Data_QA | B26: Quality checks on the master data
A27: Calculations | B27: Reusable metrics referenced by dashboard
A28: Pivot_1 | B28: Global trend by year (2010–2022)
A29: Pivot_2 | B29: Country averages (all years)
A30: Pivot_3 | B30: 2022 snapshot — all countries ranked
A31: Pivot_4 | B31: Regional/income group summary
A32: Pivot_5 | B32: High renewable vs low CO2 analysis
A33: Dashboard | B33: Executive summary with KPIs and charts
A34: Country Deep Dive | B34: Individual country profile (2022)

Sheet Pivot_1
B3: Values
A4: Row Labels | B4: Average of Electricity_Access | C4: Average of Renewable_Share | D4: Average of CO2_Per_Capita
A5: 2010 | B5: 79.624657 | C5: 30.412665 | D5: 5.0980592
A6: 2011 | B6: 80.415327 | C6: 30.19737 | D6: 5.1265334
A7: 2012 | B7: 81.120805 | C7: 30.107129 | D7: 5.4055041
A8: 2013 | B8: 81.712538 | C8: 30.30164 | D8: 4.9683704
A9: 2014 | B9: 82.440903 | C9: 30.111727 | D9: 4.7912869
A10: 2015 | B10: 83.015239 | C10: 29.915157 | D10: 4.7094414
A11: 2016 | B11: 84.094751 | C11: 29.706058 | D11: 4.6743718
A12: 2017 | B12: 84.853908 | C12: 29.541519 | D12: 4.6777511
A13: 2018 | B13: 85.483801 | C13: 29.56303 | D13: 4.710869
A14: 2019 | B14: 86.041377 | C14: 29.462191 | D14: 4.6834013
A15: 2020 | B15: 86.573835 | C15: 30.534853 | D15: 4.4007476
A16: 2021 | B16: 87.125169 | C16: 29.603382 | D16: 4.5807343
A17: 2022 | B17: 87.414054 | C17: 30.421739 | D17: 4.5508011
A18: Grand Total | B18: 83.83972 | C18: 29.970087 | D18: 4.7982978

Sheet Pivot_2
B3: Values
A4: Row Labels | B4: Average of Electricity_Access | C4: Average of Renewable_Share | D4: Average of CO2_Per_Capita
A5: South Sudan | B5: 5.1153846 | C5: 30.95
A6: Burundi | B6: 8.1923077 | C6: 88.315385 | D6: 0.051368073
A7: Chad | B7: 9.2230769 | C7: 73.615385 | D7: 0.11430001
A8: Malawi | B8: 11.384615 | C8: 76.2 | D8: 0.30385512
A9: Burkina Faso | B9: 16.646154 | C9: 76.376923 | D9: 0.21167789
A10: Niger | B10: 16.715385 | C10: 79.391667 | D10: 0.10450897
A11: Congo, Dem. Rep. | B11: 17.146154 | C11: 95.833333 | D11: 0.045411355
A12: Liberia | B12: 17.7 | C12: 90.923077 | D12: 0.20878405
A13: Sierra Leone | B13: 20.815385 | C13: 75.684615 | D13: 0.15434055
A14: Guinea-Bissau | B14: 23.292308 | C14: 87.238462 | D14: 0.18567368
A15: Madagascar | B15: 24.823077 | C15: 83.523077 | D15: 0.12361206
A16: Mozambique | B16: 26.007692 | C16: 80.7 | D16: 0.24987723
A17: Tanzania | B17: 28.946154 | C17: 83.225 | D17: 0.2506588
... A95: Colombia | B95: 98.369231 | C95: 30.941667 | D95: 1.723684
A96: Tuvalu | B96: 98.369231 | C96: 3.6538462
A97: Ecuador | B97: 98.615385 | C97: 15.016667 | D97: 2.4829865
A98: Dominican Republic | B98: 98.646154 | C98: 16.025 | D98: 2.3443912
A99: Romania | B99: 98.961538 | C99: 23.316667 | D99: 4.1300237
A100: Paraguay | B100: 99.030769 | C100: 61.433333 | D100: 1.1190206
A101: Cuba | B101: 99.092308 | C101: 20.866667 | D101: 2.2786121
A102: Tajikistan | B102: 99.176923 | C102: 47.5 | D102: 0.68540746
A103: Viet Nam | B103: 99.207692 | C103: 29.466667 | D103: 2.5239411
A104: Seychelles | B104: 99.338462 | C104: 1.2538462 | D104: 9.654351
A105: Algeria | B105: 99.392308 | C105: 0.15 | D105: 3.8919155
A106: Mexico | B106: 99.430769 | C106: 10.075 | D106: 3.9543049
A107: Iraq | B107: 99.446154 | C107: 1.0333333 | D107: 4.1709221
A108: Russian Federation | B108: 99.469231 | C108: 3.3333333 | D108: 12.505264
... A111: Kyrgyz Republic | B111: 99.492308 | C111: 25.425 | D111: 1.5700199
A112: Montenegro | B112: 99.515385 | C112: 43.025
A113: Palau | B113: 99.523077 | C113: 0.46923077 | D113: 91.376509
A114: British Virgin Islands | B114: 99.553846 | C114: 1.0692308 | D114: 2.1606015
A115: Costa Rica | B115: 99.576923 | C115: 36.225 | D115: 1.6344933
A116: Brazil | B116: 99.584615 | C116: 45.4 | D116: 2.4068433
A117: Venezuela, RB | B117: 99.6 | C117: 17.458333 | D117: 4.9893998
A118: Nauru | B118: 99.607692 | C118: 0.55384615 | D118: 0
A119: Mauritius | B119: 99.623077 | C119: 10.458333 | D119: 3.1310586
A120: Argentina | B120: 99.676923 | C120: 9.525 | D120: 4.2962086
A121: Thailand | B121: 99.692308 | C121: 22.641667 | D121: 3.8546414
A122: Maldives | B122: 99.715385 | C122: 1.3230769 | D122: 3.4853994
A123: Uruguay | B123: 99.715385 | C123: 56.591667 | D123: 2.1748587
A124: Lebanon | B124: 99.776923 | C124: 5.225 | D124: 3.9837893
... A135: Uzbekistan | B135: 99.869231 | C135: 1.35 | D135: 3.9055967
A136: Serbia | B136: 99.876923 | C136: 21.525
A137: Albania | B137: 99.915385 | C137: 39.283333 | D137: 1.8151439
A138: West Bank and Gaza | B138: 99.923077 | C138: 13.107692
A139: Lithuania | B139: 99.953846 | C139: 29.041667 | D139: 4.7930644
A140: Turkmenistan | B140: 99.961538 | C140: 0.091666667 | D140: 11.454088
A141: Gibraltar | B141: 99.961538 | D141: 17.151554
A142: China | B142: 99.961538 | C142: 12.858333 | D142: 7.9915362
A143: Latvia | B143: 99.969231 | C143: 39.858333 | D143: 3.9386351
A144: Azerbaijan | B144: 99.984615 | C144: 2.3 | D144: 3.5132867
A145: Kazakhstan | B145: 99.984615 | C145: 1.6666667 | D145: 12.945772
A146: Saudi Arabia | B146: 99.984615 | C146: 0.016666667 | D146: 19.741035
A147: Georgia | B147: 99.992308 | C147: 28.775 | D147: 2.7747823
A148: Ukraine | B148: 99.992308 | C148: 5.3 | D148: 5.3355432
A149: Euro area | B149: 99.999397 | C149: 16.224248 | D149: 6.8791526
A150: Luxembourg | B150: 100 | C150: 11.316667 | D150: 16.626898
A151: Spain | B151: 100 | C151: 16.6 | D151: 5.5841075
A152: Norway | B152: 100 | C152: 57.95 | D152: 8.9050348
A153: Malta | B153: 100 | C153: 5.7416667 | D153: 4.3348518
... A155: Hungary | B155: 100 | C155: 15.033333 | D155: 5.0247885
A156: Kuwait | B156: 100 | D156: 24.799527
A157: Barbados | B157: 100 | C157: 4.3307692 | D157: 2.5819844
A158: Greenland | B158: 100 | C158: 11.407692 | D158: 9.7037028
A159: Sweden | B159: 100 | C159: 50.758333 | D159: 4.3293883
A160: Poland | B160: 100 | C160: 12.508333 | D160: 8.3781985
A161: Switzerland | B161: 100 | C161: 23.6 | D161: 4.8521063
A162: Qatar | B162: 100 | C162: 0.041666667 | D162: 47.432705
A163: Iceland | B163: 100 | C163: 79.441667 | D163: 10.007829
A164: Austria | B164: 100 | C164: 34.225 | D164: 7.8295194
A165: Brunei Darussalam | B165: 100 | C165: 0 | D165: 19.307434
A166: Denmark | B166: 100 | C166: 31.616667 | D166: 6.2080087
A167: Finland | B167: 100 | C167: 42 | D167: 8.8271767
A168: Liechtenstein | B168: 100 | C168: 55.138462
A169: France | B169: 100 | C169: 13.891667 | D169: 5.0382193
A170: Channel Islands | B170: 100
A171: Monaco | B171: 100
A172: Bahamas, The | B172: 100 | C172: 1.2615385 | D172: 3.1459504
A173: French Polynesia | B173: 100 | C173: 7.4538462 | D173: 3.2213588
A174: Singapore | B174: 100 | C174: 0.70833333 | D174: 9.786222
A175: Ireland | B175: 100 | C175: 9.45 | D175: 7.7651493
A176: Slovak Republic | B176: 100 | C176: 13.208333 | D176: 6.6121986
A177: Isle of Man | B177: 100 | C177: 2.3153846
A178: Canada | B178: 100 | C178: 22.391667 | D178: 15.939059
A179: Turkiye | B179: 100 | C179: 12.891667 | D179: 4.8786421
A180: Hong Kong SAR, China | B180: 100 | C180: 0.25 | D180: 5.7793836
A181: Israel | B181: 100 | C181: 4.9416667 | D181: 7.9149359
A182: Oman | B182: 100 | C182: 0.016666667 | D182: 18.755556
A183: Italy | B183: 100 | C183: 16.016667 | D183: 5.9273353
A184: Greece | B184: 100 | C184: 16.525 | D184: 6.3617955
A185: Cayman Islands | B185: 100 | C185: 0 | D185: 4.3461238
A186: Portugal | B186: 100 | C186: 28.425 | D186: 4.6198211
A187: Japan | B187: 100 | C187: 6.3916667 | D187: 9.4177012
A188: Czechia | B188: 100 | C188: 14.458333 | D188: 10.2188
A189: United Arab Emirates | B189: 100 | C189: 0.31666667 | D189: 22.86179
... A199: New Caledonia | B199: 100 | C199: 5.8076923 | D199: 16.44931
A200: San Marino | B200: 100
A201: New Zealand | B201: 100 | C201: 29.008333 | D201: 7.382152
...

Sheet Pivot_3
A1: Year | B1: 2022 | F1: Country | G1: Renewable_share
F2: Liberia | G2: 92.8
B3: Values | F3: Uganda | G3: 90.9
A4: Row Labels | B4: Average of Electricity_Access | C4: Average of Renewable_Share | D4: Average of CO2_Per_Capita | F4: Ethiopia | G4: 90.9
A5: South Sudan | B5: 8.4 | F5: Guinea-Bissau | G5: 87.4
A6: Burundi | B6: 10.3 | C6: 83 | D6: 0.069821577 | F6: Madagascar | G6: 83.1
A7: Chad | B7: 11.7 | C7: 70 | D7: 0.15523982 | F7: Burundi | G7: 83
A8: Malawi | B8: 14 | C8: 62.9 | D8: 0.27236978 | F8: Tanzania | G8: 83
A9: Niger | B9: 19.5 | D9: 0.12712561 | F9: Mozambique | G9: 80.7
A10: Burkina Faso | B10: 19.5 | C10: 71.4 | D10: 0.28826199 | F10: Rwanda | G10: 79.9
A11: Sierra Leone | B11: 29.4 | C11: 71.6 | D11: 0.1772181 | F11: Burkina Faso | G11: 71.4
A12: Liberia | B12: 31.8 | C12: 92.8 | D12: 0.16165131
A13: Mozambique | B13: 33.2 | D13: 0.3336942
A14: Madagascar | B14: 36.1 | C14: 83.1 | D14: 0.14403399
A15: Guinea-Bissau | B15: 37.4 | C15: 87.4 | D15: 0.16333187
A16: Tanzania | B16: 45.8 | D16: 0.32316198
A17: Uganda | B17: 47.1 | C17: 90.9 | D17: 0.16811758
A18: Guinea | B18: 47.7 | C18: 66.6 | D18: 0.37145138
A19: Zambia | B19: 47.8 | D19: 0.52454883
A20: Angola | B20: 48.5 | D20: 0.74881095
A21: Mauritania | B21: 49 | C21: 19.6 | D21: 1.0309012
A22: Haiti | B22: 49.3 | D22: 0.29462935
A23: Lesotho | B23: 50 | C23: 34.9 | D23: 0.42915695
A24: Zimbabwe | B24: 50.1 | D24: 0.71922084
A25: Congo, Rep. | B25: 50.6 | D25: 1.3849306
A26: Rwanda | B26: 50.6 | C26: 79.9 | D26: 0.16124791
A27: Mali | B27: 53 | C27: 71.1 | D27: 0.32474827
A28: Eritrea | B28: 53.4 | D28: 0.21994769
A29: Korea, Dem. People's Rep. | B29: 54.7 | D29: 2.2714099
A30: Ethiopia | B30: 55.4 | D30: 0.14622965
A31: Namibia | B31: 56.2 | D31: 1.2388646
A32: Benin | B32: 56.5 | D32: 0.5130564
A33: Togo | B33: 57.2 | D33: 0.28652091
A34: Nigeria | B34: 60.5 | D34: 0.57827104
A35: Sudan | B35: 63.2 | D35: 0.43422331
A36: Djibouti | B36: 65 | C36: 26.9 | D36: 0.76229272
A37: Gambia, The | B37: 65.4 | C37: 47.7 | D37: 0.18771312
A38: Equatorial Guinea | B38: 67 | C38: 4.2 | D38: 2.8215542
A39: Senegal | B39: 67.9 | D39: 0.82395984
A40: Libya | B40: 70 | D40: 8.0530136
A41: Cameroon | B41: 71 | D41: 0.37759152
A42: Vanuatu | B42: 71.6 | C42: 25 | D42: 0.86536803
A43: Cote d'Ivoire | B43: 72 | D43: 0.60570156
A44: Myanmar | B44: 73.6 | D44: 0.57724804
A45: Botswana | B45: 75.9 | D45: 2.8024601
A46: Kenya | B46: 76 | D46: 0.40500651
A47: Yemen, Rep. | B47: 76 | D47: 0.28736979
A48: Solomon Islands | B48: 76 | C48: 50.1 | D48: 0.38281016
A49: Eswatini | B49: 82.3 | C49: 64.7 | D49: 0.88316104
A50: Ghana | B50: 85.1 | D50: 0.71759905
A51: Afghanistan | B51: 85.3 | C51: 20 | D51: 0.27842096
A52: Nicaragua | B52: 86.5 | D52: 0.78167738
A53: South Africa | B53: 86.5 | D53: 6.8826394
A54: Syrian Arab Republic | B54: 89 | D54: 1.3874704
A55: Comoros | B55: 89.9 | C55: 39.3 | D55: 0.51523158
A56: Nepal | B56: 91.3 | D56: 0.50631598
A57: Fiji | B57: 92 | C57: 28.4 | D57: 1.5600018
A58: Cambodia | B58: 92.3 | D58: 1.0687824
A59: Guyana | B59: 93 | C59: 12.1 | D59: 4.4837319
A60: Gabon | B60: 93.5 | D60: 2.2969482
A61: Grenada | B61: 94.2 | C61: 10 | D61: 1.4489407
A62: Kiribati | B62: 94.4 | C62: 41.9 | D62: 0.58098092
A63: Honduras | B63: 94.4 | D63: 1.0102092
A64: Philippines | B64: 94.8 | D64: 1.3311217
A65: Pakistan | B65: 95 | D65: 0.96582625
A66: Panama | B66: 95 | D66: 2.6002477
A67: Peru | B67: 96.2 | D67: 1.9040826
A68: Cabo Verde | B68: 97.1 | C68: 21.8 | D68: 1.3085364
A69: Samoa | B69: 98.3 | C69: 35.9 | D69: 1.544172
A70: Belize | B70: 98.6 | C70: 30.8 | D70: 0.88023579
A71: Suriname | B71: 99 | D71: 4.5939753
A72: South Asia | B72: 99.089511 | D72: 1.8004115
A73: Guatemala | B73: 99.1 | D73: 1.0618518
A74: India | B74: 99.2 | D74: 1.9692962
A75: Bangladesh | B75: 99.4 | D75: 0.71355653
A76: Timor-Leste | B76: 99.7 | C76: 11.4 | D76: 0.50726834
A77: Kyrgyz Republic | B77: 99.7 | D77: 1.5054866
A78: Bolivia | B78: 99.9 | D78: 1.936077
A79: Aruba | B79: 99.9 | C79: 8.8 | D79: 4.9902153
A80: Thailand | B80: 99.9 | D80: 3.9633749
A81: Bahamas, The | B81: 100 | C81: 1.1 | D81: 3.5355111
A82: North America | B82: 100 | D82: 14.454689
A83: Armenia | B83: 100 | D83: 2.618281
A84: North Macedonia | B84: 100 | D84: 4.4789792
A85: Brunei Darussalam | B85: 100 | D85: 20.943628
A86: Northern Mariana Islands | B86: 100 | C86: 0.5 | D86: 0.002170233
A87: Croatia | B87: 100 | D87: 4.5737142
A88: Norway | B88: 100 | D88: 7.9798583
A89: Hungary | B89: 100 | D89: 4.9529343
A90: Oman | B90: 100 | D90: 19.683076
A91: Indonesia | B91: 100 | D91: 2.5918955
A92: Estonia | B92: 100 | D92: 11.13416
A93: Iraq | B93: 100 | D93: 5.0436946
A94: Palau | B94: 100 | C94: 0.9 | D94: 78.72628
A95: Isle of Man | B95: 100 | C95: 2.7
A96: Canada | B96: 100 | D96: 14.7893
A97: Italy | B97: 100 | D97: 5.6089719
A98: Paraguay | B98: 100 | D98: 1.1841051
A99: Japan | B99: 100 | D99: 8.3956307
A100: Albania | B100: 100 | D100: 1.8452576
...

Sheet Pivot_4
A1: Year | B1: 2022
A3: Row Labels | B3: Average of Electricity_Access
A4: South Sudan | B4: 8.4
A5: Burundi | B5: 10.3
A6: Chad | B6: 11.7
A7: Malawi | B7: 14
A8: Central African Republic | B8: 15.7
A9: Papua New Guinea | B9: 19
A10: Niger | B10: 19.5
A11: Burkina Faso | B11: 19.5
A12: Congo, Dem. Rep. | B12: 21.5
A13: Sierra Leone | B13: 29.4
A14: Grand Total | B14: 16.9

Sheet Pivot_5
A1: Year | B1: 2022
B3: Values
A4: Row Labels | B4: Average of Electricity_Access | C4: Average of Renewable_Share | D4: Average of CO2_Per_Capita | F4: Country | G4: Renewable_Share | H4: CO2_Per_Capita
A5: Afghanistan | B5: 85.3 | C5: 20 | D5: 0.27842096 | F5: =A5 -> Afghanistan | G5: =IF(C5="","",C5) -> 20 | H5: =IF(D5=" ", " ",D5) -> 0.27842096
A6: Albania | B6: 100 | D6: 1.8452576 | F6: =A6 -> Albania | G6: =IF(C6="","",C6) | H6: =IF(D6=" ", " ",D6) -> 1.8452576
A7: Algeria | B7: 100 | D7: 4.1600585 | F7: =A7 -> Algeria | G7: =IF(C7="","",C7) | H7: =IF(D7=" ", " ",D7) -> 4.1600585
A8: Andorra | B8: 100 | C8: 18.7 | F8: =A8 -> Andorra | G8: =IF(C8="","",C8) -> 18.7
A9: Angola | B9: 48.5 | D9: 0.74881095 | F9: =A9 -> Angola | G9: =IF(C9="","",C9) | H9: =IF(D9=" ", " ",D9) -> 0.74881095
A10: Antigua and Barbuda | B10: 100 | C10: 0.9 | D10: 3.6945282 | F10: =A10 -> Antigua and Barbuda | G10: =IF(C10="","",C10) -> 0.9 | H10: =IF(D10=" ", " ",D10) -> 3.6945282
A11: Argentina | B11: 100 | D11: 4.2953117 | F11: =A11 -> Argentina | G11: =IF(C11="","",C11) | H11: =IF(D11=" ", " ",D11) -> 4.2953117
A12: Armenia | B12: 100 | D12: 2.618281 | F12: =A12 -> Armenia | G12: =IF(C12="","",C12) | H12: =IF(D12=" ", " ",D12) -> 2.618281
A13: Aruba | B13: 99.9 | C13: 8.8 | D13: 4.9902153 | F13: =A13 -> Aruba | G13: =IF(C13="","",C13) -> 8.8 | H13: =IF(D13=" ", " ",D13) -> 4.9902153
A14: Australia | B14: 100 | D14: 14.530503 | F14: =A14 -> Australia | G14: =IF(C14="","",C14) | H14: =IF(D14=" ", " ",D14) -> 14.530503
A15: Austria | B15: 100 | D15: 6.9285813 | F15: =A15 -> Austria | G15: =IF(C15="","",C15) | H15: =IF(D15=" ", " ",D15) -> 6.9285813
A16: Azerbaijan | B16: 100 | D16: 3.9128924 | F16: =A16 -> Azerbaijan | G16: =IF(C16="","",C16) | H16: =IF(D16=" ", " ",D16) -> 3.9128924
A17: Bahamas, The | B17: 100 | C17: 1.1 | D17: 3.5355111 | F17: =A17 -> Bahamas, The | G17: =IF(C17="","",C17) -> 1.1 | H17: =IF(D17=" ", " ",D17) -> 3.5355111
A18: Bahrain | B18: 100 | D18: 25.467881 | F18: =A18 -> Bahrain | G18: =IF(C18="","",C18) | H18: =IF(D18=" ", " ",D18) -> 25.467881
A19: Bangladesh | B19: 99.4 | D19: 0.71355653 | F19: =A19 -> Bangladesh | G19: =IF(C19="","",C19) | H19: =IF(D19=" ", " ",D19) -> 0.71355653
A20: Barbados | B20: 100 | C20: 5.5 | D20: 2.4401561 | F20: =A20 -> Barbados | G20: =IF(C20="","",C20) -> 5.5 | H20: =IF(D20=" ", " ",D20) -> 2.4401561
A21: Belarus | B21: 100 | D21: 6.057008 | F21: =A21 -> Belarus | G21: =IF(C21="","",C21) | H21: =IF(D21=" ", " ",D21) -> 6.057008
A22: Belgium | B22: 100 | D22: 7.6776616 | F22: =A22 -> Belgium | G22: =IF(C22="","",C22) | H22: =IF(D22=" ", " ",D22) -> 7.6776616
A23: Belize | B23: 98.6 | C23: 30.8 | D23: 0.88023579 | F23: =A23 -> Belize | G23: =IF(C23="","",C23) -> 30.8 | H23: =IF(D23=" ", " ",D23) -> 0.88023579
A24: Benin | B24: 56.5 | D24: 0.5130564 | F24: =A24 -> Benin | G24: =IF(C24="","",C24) | H24: =IF(D24=" ", " ",D24) -> 0.5130564
A25: Bermuda | B25: 100 | C25: 0.9 | D25: 3.9768954 | F25: =A25 -> Bermuda | G25: =IF(C25="","",C25) -> 0.9 | H25: =IF(D25=" ", " ",D25) -> 3.9768954
A26: Bhutan | B26: 100 | C26: 82.5 | D26: 1.9428516 | F26: =A26 -> Bhutan | G26: =IF(C26="","",C26) -> 82.5 | H26: =IF(D26=" ", " ",D26) -> 1.9428516
A27: Bolivia | B27: 99.9 | D27: 1.936077 | F27: =A27 -> Bolivia | G27: =IF(C27="","",C27) | H27: =IF(D27=" ", " ",D27) -> 1.936077
A28: Botswana | B28: 75.9 | D28: 2.8024601 | F28: =A28 -> Botswana | G28: =IF(C28="","",C28) | H28: =IF(D28=" ", " ",D28) -> 2.8024601
A29: Brazil | B29: 100 | D29: 2.2788958 | F29: =A29 -> Brazil | G29: =IF(C29="","",C29) | H29: =IF(D29=" ", " ",D29) -> 2.2788958
A30: Brunei Darussalam | B30: 100 | D30: 20.943628 | F30: =A30 -> Brunei Darussalam | G30: =IF(C30="","",C30) | H30: =IF(D30=" ", " ",D30) -> 20.943628
A31: Bulgaria | B31: 100 | D31: 7.6476965 | F31: =A31 -> Bulgaria | G31: =IF(C31="","",C31) | H31: =IF(D31=" ", " ",D31) -> 7.6476965
A32: Burkina Faso | B32: 19.5 | C32: 71.4 | D32: 0.28826199 | F32: =A32 -> Burkina Faso | G32: =IF(C32="","",C32) -> 71.4 | H32: =IF(D32=" ", " ",D32) -> 0.28826199
A33: Burundi | B33: 10.3 | C33: 83 | D33: 0.069821577 | F33: =A33 -> Burundi | G33: =IF(C33="","",C33) -> 83 | H33: =IF(D33=" ", " ",D33) -> 0.069821577
A34: Cabo Verde | B34: 97.1 | C34: 21.8 | D34: 1.3085364 | F34: =A34 -> Cabo Verde | G34: =IF(C34="","",C34) -> 21.8 | H34: =IF(D34=" ", " ",D34) -> 1.3085364
A35: Cambodia | B35: 92.3 | D35: 1.0687824 | F35: =A35 -> Cambodia | G35: =IF(C35="","",C35) | H35: =IF(D35=" ", " ",D35) -> 1.0687824
A36: Cameroon | B36: 71 | D36: 0.37759152 | F36: =A36 -> Cameroon | G36: =IF(C36="","",C36) | H36: =IF(D36=" ", " ",D36) -> 0.37759152
A37: Canada | B37: 100 | D37: 14.7893 | F37: =A37 -> Canada | G37: =IF(C37="","",C37) | H37: =IF(D37=" ", " ",D37) -> 14.7893
A38: Cayman Islands | B38: 100 | C38: 0 | D38: 5.0034222 | F38: =A38 -> Cayman Islands | G38: =IF(C38="","",C38) -> 0 | H38: =IF(D38=" ", " ",D38) -> 5.0034222
A39: Chad | B39: 11.7 | C39: 70 | D39: 0.15523982 | F39: =A39 -> Chad | G39: =IF(C39="","",C39) -> 70 | H39: =IF(D39=" ", " ",D39) -> 0.15523982
A40: Chile | B40: 100 | D40: 4.6247498 | F40: =A40 -> Chile | G40: =IF(C40="","",C40) | H40: =IF(D40=" ", " ",D40) -> 4.6247498
A41: China | B41: 100 | D41: 8.8648251 | F41: =A41 -> China | G41: =IF(C41="","",C41) | H41: =IF(D41=" ", " ",D41) -> 8.8648251
A42: Colombia | B42: 100 | D42: 1.7075398 | F42: =A42 -> Colombia | G42: =IF(C42="","",C42) | H42: =IF(D42=" ", " ",D42) -> 1.7075398
A43: Comoros | B43: 89.9 | C43: 39.3 | D43: 0.51523158 | F43: =A43 -> Comoros | G43: =IF(C43="","",C43) -> 39.3 | H43: =IF(D43=" ", " ",D43) -> 0.51523158
A44: Costa Rica | B44: 100 | D44: 1.61316 | F44: =A44 -> Costa Rica | G44: =IF(C44="","",C44) | H44: =IF(D44=" ", " ",D44) -> 1.61316
A45: Croatia | B45: 100 | D45: 4.5737142 | F45: =A45 -> Croatia | G45: =IF(C45="","",C45) | H45: =IF(D45=" ", " ",D45) -> 4.5737142
A46: Cuba | B46: 100 | D46: 1.7869821 | F46: =A46 -> Cuba | G46: =IF(C46="","",C46) | H46: =IF(D46=" ", " ",D46) -> 1.7869821
A47: Curacao | B47: 100 | F47: =A47 -> Curacao | G47: =IF(C47="","",C47)
A48: Cyprus | B48: 100 | D48: 5.4253138 | F48: =A48 -> Cyprus | G48: =IF(C48="","",C48) | H48: =IF(D48=" ", " ",D48) -> 5.4253138
A49: Czechia | B49: 100 | D49: 9.1536469 | F49: =A49 -> Czechia | G49: =IF(C49="","",C49) | H49: =IF(D49=" ", " ",D49) -> 9.1536469
A50: Denmark | B50: 100 | D50: 4.8270407 | F50: =A50 -> Denmark | G50: =IF(C50="","",C50) | H50: =IF(D50=" ", " ",D50) -> 4.8270407
A51: Dominica | B51: 100 | C51: 8.9 | D51: 1.2150959 | F51: =A51 -> Dominica | G51: =IF(C51="","",C51) -> 8.9 | H51: =IF(D51=" ", " ",D51) -> 1.2150959
A52: Dominican Republic | B52: 98.1 | D52: 2.8593679 | F52: =A52 -> Dominican Republic | G52: =IF(C52="","",C52) | H52: =IF(D52=" ", " ",D52) -> 2.8593679
A53: Ecuador | B53: 100 | D53: 2.4780944 | F53: =A53 -> Ecuador | G53: =IF(C53="","",C53) | H53: =IF(D53=" ", " ",D53) -> 2.4780944
A54: Egypt, Arab Rep. | B54: 100 | D54: 2.299748 | F54: =A54 -> Egypt, Arab Rep. | G54: =IF(C54="","",C54) | H54: =IF(D54=" ", " ",D54) -> 2.299748
A55: El Salvador | B55: 100 | D55: 1.3479889 | F55: =A55 -> El Salvador | G55: =IF(C55="","",C55) | H55: =IF(D55=" ", " ",D55) -> 1.3479889
A56: Equatorial Guinea | B56: 67 | C56: 4.2 | D56: 2.8215542 | F56: =A56 -> Equatorial Guinea | G56: =IF(C56="","",C56) -> 4.2 | H56: =IF(D56=" ", " ",D56) -> 2.8215542
A57: Eritrea | B57: 53.4 | D57: 0.21994769 | F57: =A57 -> Eritrea | G57: =IF(C57="","",C57) | H57: =IF(D57=" ", " ",D57) -> 0.21994769
A58: Estonia | B58: 100 | D58: 11.13416 | F58: =A58 -> Estonia | G58: =IF(C58="","",C58) | H58: =IF(D58=" ", " ",D58) -> 11.13416
A59: Eswatini | B59: 82.3 | C59: 64.7 | D59: 0.88316104 | F59: =A59 -> Eswatini | G59: =IF(C59="","",C59) -> 64.7 | H59: =IF(D59=" ", " ",D59) -> 0.88316104
A60: Ethiopia | B60: 55.4 | D60: 0.14622965 | F60: =A60 -> Ethiopia | G60: =IF(C60="","",C60) | H60: =IF(D60=" ", " ",D60) -> 0.14622965
A61: Euro area | B61: 100 | D61: 6.0427164 | F61: =A61 -> Euro area | G61: =IF(C61="","",C61) | H61: =IF(D61=" ", " ",D61) -> 6.0427164
A62: European Union | B62: 100 | D62: 6.1463494 | F62: =A62 -> European Union | G62: =IF(C62="","",C62) | H62: =IF(D62=" ", " ",D62) -> 6.1463494
A63: Faroe Islands | B63: 100 | C63: 7.9 | D63: 0.038952367 | F63: =A63 -> Faroe Islands | G63: =IF(C63="","",C63) -> 7.9 | H63: =IF(D63=" ", " ",D63) -> 0.038952367
A64: Fiji | B64: 92 | C64: 28.4 | D64: 1.5600018 | F64: =A64 -> Fiji | G64: =IF(C64="","",C64) -> 28.4 | H64: =IF(D64=" ", " ",D64) -> 1.5600018
A65: Finland | B65: 100 | D65: 6.681622 | F65: =A65 -> Finland | G65: =IF(C65="","",C65) | H65: =IF(D65=" ", " ",D65) -> 6.681622
A66: France | B66: 100 | D66: 4.5124683 | F66: =A66 -> France | G66: =IF(C66="","",C66) | H66: =IF(D66=" ", " ",D66) -> 4.5124683
A67: Gabon | B67: 93.5 | D67: 2.2969482 | F67: =A67 -> Gabon | G67: =IF(C67="","",C67) | H67: =IF(D67=" ", " ",D67) -> 2.2969482
A68: Gambia, The | B68: 65.4 | C68: 47.7 | D68: 0.18771312 | F68: =A68 -> Gambia, The | G68: =IF(C68="","",C68) -> 47.7 | H68: =IF(D68=" ", " ",D68) -> 0.18771312
A69: Georgia | B69: 100 | D69: 3.6263954 | F69: =A69 -> Georgia | G69: =IF(C69="","",C69) | H69: =IF(D69=" ", " ",D69) -> 3.6263954
A70: Germany | B70: 100 | D70: 7.9118286 | F70: =A70 -> Germany | G70: =IF(C70="","",C70) | H70: =IF(D70=" ", " ",D70) -> 7.9118286
A71: Ghana | B71: 85.1 | D71: 0.71759905 | F71: =A71 -> Ghana | G71: =IF(C71="","",C71) | H71: =IF(D71=" ", " ",D71) -> 0.71759905
A72: Gibraltar | B72: 100 | D72: 16.902869 | F72: =A72 -> Gibraltar | G72: =IF(C72="","",C72) | H72: =IF(D72=" ", " ",D72) -> 16.902869
A73: Greece | B73: 100 | D73: 5.2809259 | F73: =A73 -> Greece | G73: =IF(C73="","",C73) | H73: =IF(D73=" ", " ",D73) -> 5.2809259
A74: Greenland | B74: 100 | C74: 11.7 | D74: 10.419866 | F74: =A74 -> Greenland | G74: =IF(C74="","",C74) -> 11.7 | H74: =IF(D74=" ", " ",D74) -> 10.419866
A75: Grenada | B75: 94.2 | C75: 10 | D75: 1.4489407 | F75: =A75 -> Grenada | G75: =IF(C75="","",C75) -> 10 | H75: =IF(D75=" ", " ",D75) -> 1.4489407
A76: Guam | B76: 100 | C76: 6.7 | D76: 0.001816201 | F76: =A76 -> Guam | G76: =IF(C76="","",C76) -> 6.7
A77: Guatemala | B77: 99.1 | D77: 1.0618518 | F77: =A77 -> Guatemala | G77: =IF(C77="","",C77) | H77: =IF(D77=" ", " ",D77) -> 1.0618518
A78: Guinea | B78: 47.7 | C78: 66.6 | D78: 0.37145138 | F78: =A78 -> Guinea | G78: =IF(C78="","",C78) -> 66.6 | H78: =IF(D78=" ", " ",D78) -> 0.37145138
A79: Guinea-Bissau | B79: 37.4 | C79: 87.4 | D79: 0.16333187 | F79: =A79 -> Guinea-Bissau | G79: =IF(C79="","",C79) -> 87.4 | H79: =IF(D79=" ", " ",D79) -> 0.16333187
A80: Guyana | B80: 93 | C80: 12.1 | D80: 4.4837319 | F80: =A80 -> Guyana | G80: =IF(C80="","",C80) -> 12.1 | H80: =IF(D80=" ", " ",D80) -> 4.4837319
A81: Haiti | B81: 49.3 | D81: 0.29462935 | F81: =A81 -> Haiti | G81: =IF(C81="","",C81) | H81: =IF(D81=" ", " ",D81) -> 0.29462935
A82: Honduras | B82: 94.4 | D82: 1.0102092 | F82: =A82 -> Honduras | G82: =IF(C82="","",C82) | H82: =IF(D82=" ", " ",D82) -> 1.0102092
A83: Hong Kong SAR, China | B83: 100 | D83: 4.3740488 | F83: =A83 -> Hong Kong SAR, China | G83: =IF(C83="","",C83) | H83: =IF(D83=" ", " ",D83) -> 4.3740488
A84: Hungary | B84: 100 | D84: 4.9529343 | F84: =A84 -> Hungary | G84: =IF(C84="","",C84) | H84: =IF(D84=" ", " ",D84) -> 4.9529343
A85: Iceland | B85: 100 | D85: 8.4800381 | F85: =A85 -> Iceland | G85: =IF(C85="","",C85) | H85: =IF(D85=" ", " ",D85) -> 8.4800381
A86: India | B86: 99.2 | D86: 1.9692962 | F86: =A86 -> India | G86: =IF(C86="","",C86) | H86: =IF(D86=" ", " ",D86) -> 1.9692962
A87: Indonesia | B87: 100 | D87: 2.5918955 | F87: =A87 -> Indonesia | G87: =IF(C87="","",C87) | H87: =IF(D87=" ", " ",D87) -> 2.5918955
A88: Iran, Islamic Rep. | B88: 100 | D88: 8.8474233 | F88: =A88 -> Iran, Islamic Rep. | G88: =IF(C88="","",C88) | H88: =IF(D88=" ", " ",D88) -> 8.8474233
A89: Iraq | B89: 100 | D89: 5.0436946 | F89: =A89 -> Iraq | G89: =IF(C89="","",C89) | H89: =IF(D89=" ", " ",D89) -> 5.0436946
A90: Ireland | B90: 100 | D90: 6.8458129 | F90: =A90 -> Ireland | G90: =IF(C90="","",C90) | H90: =IF(D90=" ", " ",D90) -> 6.8458129
A91: Isle of Man | B91: 100 | C91: 2.7 | F91: =A91 -> Isle of Man | G91: =IF(C91="","",C91) -> 2.7
A92: Israel | B92: 100 | D92: 6.6582684 | F92: =A92 -> Israel | G92: =IF(C92="","",C92) | H92: =IF(D92=" ", " ",D92) -> 6.6582684
A93: Italy | B93: 100 | D93: 5.6089719 | F93: =A93 -> Italy | G93: =IF(C93="","",C93) | H93: =IF(D93=" ", " ",D93) -> 5.6089719
A94: Jamaica | B94: 100 | D94: 2.6469598 | F94: =A94 -> Jamaica | G94: =IF(C94="","",C94) | H94: =IF(D94=" ", " ",D94) -> 2.6469598
A95: Japan | B95: 100 | D95: 8.3956307 | F95: =A95 -> Japan | G95: =IF(C95="","",C95) | H95: =IF(D95=" ", " ",D95) -> 8.3956307
A96: Jordan | B96: 100 | D96: 2.0733346 | F96: =A96 -> Jordan | G96: =IF(C96="","",C96) | H96: =IF(D96=" ", " ",D96) -> 2.0733346
A97: Kazakhstan | B97: 100 | D97: 12.305087 | F97: =A97 -> Kazakhstan | G97: =IF(C97="","",C97) | H97: =IF(D97=" ", " ",D97) -> 12.305087
A98: Kenya | B98: 76 | D98: 0.40500651 | F98: =A98 -> Kenya | G98: =IF(C98="","",C98) | H98: =IF(D98=" ", " ",D98) -> 0.40500651
A99: Kiribati | B99: 94.4 | C99: 41.9 | D99: 0.58098092 | F99: =A99 -> Kiribati | G99: =IF(C99="","",C99) -> 41.9 | H99: =IF(D99=" ", " ",D99) -> 0.58098092
A100: Korea, Dem. People's Rep. | B100: 54.7 | D100: 2.2714099 | F100: =A100 -> Korea, Dem. People's Rep. | G100: =IF(C100="","",C100) | H100: =IF(D100=" ", " ",D100) -> 2.2714099
A101: Korea, Rep. | B101: 100 | D101: 11.873741 | F101: =A101 -> Korea, Rep. | G101: =IF(C101="","",C101) | H101: =IF(D101=" ", " ",D101) -> 11.873741
...

Sheet Data_QA
A1: Total Rows | B1: =ROWS(Master_Data!$I$2:$I$3329) -> 3328
A2: Unique Keys | B2: =COUNTA(_xlfn.UNIQUE(Master_Data!$I$2:$I$3329)) -> 3328
A3: Duplicate Keys | B3: =B1-B2 -> 0
A5: Column | B5: Missing Count | C5: Missing %
A6: Electricity_Access | B6: =COUNTBLANK(Master_Data!$D$2:$D$3329) -> 0 | C6: =B6/ROWS(Master_Data!$D$2:$D$3329) -> 0
A7: Renewable_Share | B7: =COUNTBLANK(Master_Data!$E$2:$E$3329) -> 315 | C7: =B7/ROWS(Master_Data!$E$2:$E$3329) -> 0.094651442
A8: CO2_Per_Capita | B8: =COUNTBLANK(Master_Data!$F$2:$F$3329) -> 221 | C8: =B8/ROWS(Master_Data!$F$2:$F$3329) -> 0.06640625
A9: EnergyUse_percapita | B9: =COUNTBLANK(Master_Data!$G$2:$G$3329) -> 912 | C9: =B9/ROWS(Master_Data!$G$2:$G$3329) -> 0.27403846
A10: Population | B10: =COUNTBLANK(Master_Data!$H$2:$H$3329) -> 0 | C10: =B10/ROWS(Master_Data!$H$2:$H$3329) -> 0
A12: SECTION C: RANGE CHECKS
A13: Elec_Access below 0 | B13: =COUNTIF(Master_Data!$D:$D,"<0") -> 0 | C13: =IF(B13=0,"✅ PASS","❌ FAIL") -> ✅ PASS
A14: Elec_Access above 100 | B14: =COUNTIF(Master_Data!$D:$D,">100") -> 0 | C14: =IF(B14=0,"✅ PASS","❌ FAIL") -> ✅ PASS
A15: Renewable_Share below 0 | B15: =COUNTIF(Master_Data!$E:$E,"<0") -> 0 | C15: =IF(B15=0,"✅ PASS","❌ FAIL") -> ✅ PASS
A16: Renewable_Share above 100 | B16: =COUNTIF(Master_Data!$E:$E,">100") -> 0 | C16: =IF(B16=0,"✅ PASS","❌ FAIL") -> ✅ PASS
A17: CO2 below 0 | B17: =COUNTIF(Master_Data!$F:$F,"<0") -> 0 | C17: =IF(B17=0,"✅ PASS","❌ FAIL") -> ✅ PASS
A18: Year below 2010 | B18: =COUNTIF(Master_Data!$C:$C,"<2010") -> 0 | C18: =IF(B18=0,"✅ PASS","❌ FAIL") -> ✅ PASS
A19: Year above 2022 | B19: =COUNTIF(Master_Data!$C:$C,">2022") -> 0 | C19: =IF(B19=0,"✅ PASS","❌ FAIL") -> ✅ PASS
A21: SECTION D: OVERALL STATUS
A22: Overall QA Result
A23: =IF(AND(B13=0,B14=0,B15=0,B16=0,B17=0,B18=0,B19=0,B3=0),"✅ ALL CHECKS PASSED — DATA IS CLEAN","❌ ISSUES FOUND — SEE RED CELLS ABOVE") -> ✅ ALL CHECKS PASSED — DATA IS CLEAN

Sheet Master_Data
A1: Country Code | B1: Country Name | C1: Year | D1: Electricity_Access | E1: Renewable_Share | F1: CO2_Per_Capita | G1: EnergyUse_percapita | H1: Population | I1: CountryYear_Key | J1: Elec_Access_YoY | K1: Renew_Share_YoY | L1: CO2_YoY | M1: Total_CO2_Emissions | N1: Electricity_Gap | O1: Energy_Intensity | P1: Income_Group | Q1: Region | R1: Access_Tier | S1: Elec_vs_Global_Avg | T1: Renew_vs_Global_Avg | U1: CO2_vs_Global_Avg | V1: Elec_Progress_Since_2010 | W1: CO2_Progress_Since_2010
A2: ABW | B2: Aruba | C2: 2010 | D2: 93.4 | E2: 5.5 | F2: 4.7408629 | H2: 101838 | I2: =Master_Data!$A2 & "-" & Master_Data!$C2 -> ABW-2010 | J2: =IF(C2=2010,"",IF(D2="","",IFERROR(D2-INDEX($D:$D,MATCH(A2&"-"&(C2-1),$I:$I,0)),""))) | K2: =IF(C2=2010,"",IF(E2="","",IFERROR(E2-INDEX($E:$E,MATCH(A2&"-"&(C2-1),$I:$I,0)),""))) | L2: =IF(C2=2010,"",IF(F2="","",IFERROR(F2-INDEX($F:$F,MATCH(A2&"-"&(C2-1),$I:$I,0)),"" ))) | M2: =IFERROR(F2*H2,"") -> 482800 | N2: =IF(D2="","",100-D2) -> 6.6 | O2: =IFERROR(F2/G2*1000,"") | P2: =IFERROR(VLOOKUP(A2,Ref_Data!$A:$B,2,0),"Unknown") -> High Income | Q2: =IFERROR(VLOOKUP(A2,Ref_Data!$A:$C,3,0),"Unknown") -> Latin America & Caribbean | R2: =IF(D2="","No Data",IF(D2>=95,"Universal Access",IF(D2>=80,"High Access",IF(D2>=50,"Moderate Access",IF(D2>=20,"Low Access","Critical"))))) -> High Access | S2: =IF(D2="","",D2-AVERAGEIF($C:$C,C2,$D:$D)) -> 13.775343 | T2: =IF(E2="","",E2-AVERAGEIF($C:$C,C2,$E:$E)) -> -24.912665 | U2: =IF(F2="","",F2-AVERAGEIF($C:$C,C2,$F:$F)) -> -0.35719627 | V2: =IFERROR(IF(D2="","",D2-INDEX($D:$D,MATCH(A2&"-2010",$I:$I,0))),"") -> 0 | W2: =IFERROR(IF(F2="","",F2-INDEX($F:$F,MATCH(A2&"-2010",$I:$I,0))),"") -> 0
A3: ABW | B3: Aruba | C3: 2011 | D3: 100 | E3: 5.7 | F3: 2.8335819 | H3: 102591 | I3: =Master_Data!$A3 & "-" & Master_Data!$C3 -> ABW-2011 | J3: =IF(C3=2010,"",IF(D3="","",IFERROR(D3-INDEX($D:$D,MATCH(A3&"-"&(C3-1),$I:$I,0)),""))) -> 6.6 | K3: =IF(C3=2010,"",IF(E3="","",IFERROR(E3-INDEX($E:$E,MATCH(A3&"-"&(C3-1),$I:$I,0)),""))) -> 0.2 | L3: =IF(C3=2010,"",IF(F3="","",IFERROR(F3-INDEX($F:$F,MATCH(A3&"-"&(C3-1),$I:$I,0)),"" ))) -> -1.907281 | M3: =IFERROR(F3*H3,"") -> 290700 | N3: =IF(D3="","",100-D3) -> 0 | O3: =IFERROR(F3/G3*1000,"") | P3: =IFERROR(VLOOKUP(A3,Ref_Data!$A:$B,2,0),"Unknown") -> High Income | Q3: =IFERROR(VLOOKUP(A3,Ref_Data!$A:$C,3,0),"Unknown") -> Latin America & Caribbean | R3: =IF(D3="","No Data",IF(D3>=95,"Universal Access",IF(D3>=80,"High Access",IF(D3>=50,"Moderate Access",IF(D3>=20,"Low Access","Critical"))))) -> Universal Access | S3: =IF(D3="","",D3-AVERAGEIF($C:$C,C3,$D:$D)) -> 19.584673 | T3: =IF(E3="","",E3-AVERAGEIF($C:$C,C3,$E:$E)) -> -24.49737 | U3: =IF(F3="","",F3-AVERAGEIF($C:$C,C3,$F:$F)) -> -2.2929515 | V3: =IFERROR(IF(D3="","",D3-INDEX($D:$D,MATCH(A3&"-2010",$I:$I,0))),"") -> 6.6 | W3: =IFERROR(IF(F3="","",F3-INDEX($F:$F,MATCH(A3&"-2010",$I:$I,0))),"") -> -1.907281
A4: ABW | B4: Aruba | C4: 2012 | D4: 100 | E4: 6.9 | F4: 3.6058016 | H4: 104110 | I4: =Master_Data!$A4 & "-" & Master_Data!$C4 -> ABW-2012 | J4: =IF(C4=2010,"",IF(D4="","",IFERROR(D4-INDEX($D:$D,MATCH(A4&"-"&(C4-1),$I:$I,0)),""))) -> 0 | K4: =IF(C4=2010,"",IF(E4="","",IFERROR(E4-INDEX($E:$E,MATCH(A4&"-"&(C4-1),$I:$I,0)),""))) -> 1.2 | L4: =IF(C4=2010,"",IF(F4="","",IFERROR(F4-INDEX($F:$F,MATCH(A4&"-"&(C4-1),$I:$I,0)),"" ))) -> 0.77221966 | M4: =IFERROR(F4*H4,"") -> 375400 | N4: =IF(D4="","",100-D4) -> 0 | O4: =IFERROR(F4/G4*1000,"") | P4: =IFERROR(VLOOKUP(A4,Ref_Data!$A:$B,2,0),"Unknown") -> High Income | Q4: =IFERROR(VLOOKUP(A4,Ref_Data!$A:$C,3,0),"Unknown") -> Latin America & Caribbean | R4: =IF(D4="","No Data",IF(D4>=95,"Universal Access",IF(D4>=80,"High Access",IF(D4>=50,"Moderate Access",IF(D4>=20,"Low Access","Critical"))))) -> Universal Access | S4: =IF(D4="","",D4-AVERAGEIF($C:$C,C4,$D:$D)) -> 18.879195 | T4: =IF(E4="","",E4-AVERAGEIF($C:$C,C4,$E:$E)) -> -23.207129 | U4: =IF(F4="","",F4-AVERAGEIF($C:$C,C4,$F:$F)) -> -1.7997025 | V4: =IFERROR(IF(D4="","",D4-INDEX($D:$D,MATCH(A4&"-2010",$I:$I,0))),"") -> 6.6 | W4: =IFERROR(IF(F4="","",F4-INDEX($F:$F,MATCH(A4&"-2010",$I:$I,0))),"") -> -1.1350614
A5: ABW | B5: Aruba | C5: 2013 | D5: 100 | E5: 6.9 | F5: 3.9063165 | H5: 105675 | I5: =Master_Data!$A5 & "-" & Master_Data!$C5 -> ABW-2013 | J5: =IF(C5=2010,"",IF(D5="","",IFERROR(D5-INDEX($D:$D,MATCH(A5&"-"&(C5-1),$I:$I,0)),""))) -> 0 | K5: =IF(C5=2010,"",IF(E5="","",IFERROR(E5-INDEX($E:$E,MATCH(A5&"-"&(C5-1),$I:$I,0)),""))) -> 0 | L5: =IF(C5=2010,"",IF(F5="","",IFERROR(F5-INDEX($F:$F,MATCH(A5&"-"&(C5-1),$I:$I,0)),"" ))) -> 0.30051498 | M5: =IFERROR(F5*H5,"") -> 412800 | N5: =IF(D5="","",100-D5) -> 0 | O5: =IFERROR(F5/G5*1000,"") | P5: =IFERROR(VLOOKUP(A5,Ref_Data!$A:$B,2,0),"Unknown") -> High Income | Q5: =IFERROR(VLOOKUP(A5,Ref_Data!$A:$C,3,0),"Unknown") -> Latin America & Caribbean | R5: =IF(D5="","No Data",IF(D5>=95,"Universal Access",IF(D5>=80,"High Access",IF(D5>=50,"Moderate Access",IF(D5>=20,"Low Access","Critical"))))) -> Universal Access | S5: =IF(D5="","",D5-AVERAGEIF($C:$C,C5,$D:$D)) -> 18.287462 | T5: =IF(E5="","",E5-AVERAGEIF($C:$C,C5,$E:$E)) -> -23.40164 | U5: =IF(F5="","",F5-AVERAGEIF($C:$C,C5,$F:$F)) -> -1.0620539 | V5: =IFERROR(IF(D5="","",D5-INDEX($D:$D,MATCH(A5&"-2010",$I:$I,0))),"") -> 6.6 | W5: =IFERROR(IF(F5="","",F5-INDEX($F:$F,MATCH(A5&"-2010",$I:$I,0))),"") -> -0.8345464
A6: ABW | B6: Aruba | C6: 2014 | D6: 100 | E6: 6.9 | F6: 4.1298791 | H6: 106807 | I6: =Master_Data!$A6 & "-" & Master_Data!$C6 -> ABW-2014 | J6: =IF(C6=2010,"",IF(D6="","",IFERROR(D6-INDEX($D:$D,MATCH(A6&"-"&(C6-1),$I:$I,0)),""))) -> 0 | K6: =IF(C6=2010,"",IF(E6="","",IFERROR(E6-INDEX($E:$E,MATCH(A6&"-"&(C6-1),$I:$I,0)),""))) -> 0 | L6: =IF(C6=2010,"",IF(F6="","",IFERROR(F6-INDEX($F:$F,MATCH(A6&"-"&(C6-1),$I:$I,0)),"" ))) -> 0.22356259 | M6: =IFERROR(F6*H6,"") -> 441100 | N6: =IF(D6="","",100-D6) -> 0 | O6: =IFERROR(F6/G6*1000,"") | P6: =IFERROR(VLOOKUP(A6,Ref_Data!$A:$B,2,0),"Unknown") -> High Income | Q6: =IFERROR(VLOOKUP(A6,Ref_Data!$A:$C,3,0),"Unknown") -> Latin America & Caribbean | R6: =IF(D6="","No Data",IF(D6>=95,"Universal Access",IF(D6>=80,"High Access",IF(D6>=50,"Moderate Access",IF(D6>=20,"Low Access","Critical"))))) -> Universal Access | S6: =IF(D6="","",D6-AVERAGEIF($C:$C,C6,$D:$D)) -> 17.559097 | T6: =IF(E6="","",E6-AVERAGEIF($C:$C,C6,$E:$E)) -> -23.211727 | U6: =IF(F6="","",F6-AVERAGEIF($C:$C,C6,$F:$F)) -> -0.66140777 | V6: =IFERROR(IF(D6="","",D6-INDEX($D:$D,MATCH(A6&"-2010",$I:$I,0))),"") -> 6.6 | W6: =IFERROR(IF(F6="","",F6-INDEX($F:$F,MATCH(A6&"-2010",$I:$I,0))),"") -> -0.61098381
A7: ABW | B7: Aruba | C7: 2015 | D7: 100 | E7: 6.7 | F7: 4.2861379 | H7: 107906 | I7: =Master_Data!$A7 & "-" & Master_Data!$C7 -> ABW-2015 | J7: =IF(C7=2010,"",IF(D7="","",IFERROR(D7-INDEX($D:$D,MATCH(A7&"-"&(C7-1),$I:$I,0)),""))) -> 0 | K7: =IF(C7=2010,"",IF(E7="","",IFERROR(E7-INDEX($E:$E,MATCH(A7&"-"&(C7-1),$I:$I,0)),""))) -> -0.2 | L7: =IF(C7=2010,"",IF(F7="","",IFERROR(F7-INDEX($F:$F,MATCH(A7&"-"&(C7-1),$I:$I,0)),"" ))) -> 0.15625881 | M7: =IFERROR(F7*H7,"") -> 462500 | N7: =IF(D7="","",100-D7) -> 0 | O7: =IFERROR(F7/G7*1000,"") | P7: =IFERROR(VLOOKUP(A7,Ref_Data!$A:$B,2,0),"Unknown") -> High Income | Q7: =IFERROR(VLOOKUP(A7,Ref_Data!$A:$C,3,0),"Unknown") -> Latin America & Caribbean | R7: =IF(D7="","No Data",IF(D7>=95,"Universal Access",IF(D7>=80,"High Access",IF(D7>=50,"Moderate Access",IF(D7>=20,"Low Access","Critical"))))) -> Universal Access | S7: =IF(D7="","",D7-AVERAGEIF($C:$C,C7,$D:$D)) -> 16.984761 | T7: =IF(E7="","",E7-AVERAGEIF($C:$C,C7,$E:$E)) -> -23.215157 | U7: =IF(F7="","",F7-AVERAGEIF($C:$C,C7,$F:$F)) -> -0.42330343 | V7: =IFERROR(IF(D7="","",D7-INDEX($D:$D,MATCH(A7&"-2010",$I:$I,0))),"") -> 6.6 | W7: =IFERROR(IF(F7="","",F7-INDEX($F:$F,MATCH(A7&"-2010",$I:$I,0))),"") -> -0.454725
A8: ABW | B8: Aruba | C8: 2016 | D8: 100 | E8: 7 | F8: 4.4643925 | H8: 108727 | I8: =Master_Data!$A8 & "-" & Master_Data!$C8 -> ABW-2016 | J8: =IF(C8=2010,"",IF(D8="","",IFERROR(D8-INDEX($D:$D,MATCH(A8&"-"&(C8-1),$I:$I,0)),""))) -> 0 | K8: =IF(C8=2010,"",IF(E8="","",IFERROR(E8-INDEX($E:$E,MATCH(A8&"-"&(C8-1),$I:$I,0)),""))) -> 0.3 | L8: =IF(C8=2010,"",IF(F8="","",IFERROR(F8-INDEX($F:$F,MATCH(A8&"-"&(C8-1),$I:$I,0)),"" ))) -> 0.17825453 | M8: =IFERROR(F8*H8,"") -> 485400 | N8: =IF(D8="","",100-D8) -> 0 | O8: =IFERROR(F8/G8*1000,"") | P8: =IFERROR(VLOOKUP(A8,Ref_Data!$A:$B,2,0),"Unknown") -> High Income | Q8: =IFERROR(VLOOKUP(A8,Ref_Data!$A:$C,3,0),"Unknown") -> Latin America & Caribbean | R8: =IF(D8="","No Data",IF(D8>=95,"Universal Access",IF(D8>=80,"High Access",IF(D8>=50,"Moderate Access",IF(D8>=20,"Low Access","Critical"))))) -> Universal Access | S8: =IF(D8="","",D8-AVERAGEIF($C:$C,C8,$D:$D)) -> 15.905249 | T8: =IF(E8="","",E8-AVERAGEIF($C:$C,C8,$E:$E)) -> -22.706058 | U8: =IF(F8="","",F8-AVERAGEIF($C:$C,C8,$F:$F)) -> -0.20997933 | V8: =IFERROR(IF(D8="","",D8-INDEX($D:$D,MATCH(A8&"-2010",$I:$I,0))),"") -> 6.6 | W8: =IFERROR(IF(F8="","",F8-INDEX($F:$F,MATCH(A8&"-2010",$I:$I,0))),"") -> -0.27647047
A9: ABW | B9: Aruba | C9: 2017 | D9: 100 | E9: 6.8 | F9: 4.2957649 | H9: 108735 | I9: =Master_Data!$A9 & "-" & Master_Data!$C9 -> ABW-2017 | J9: =IF(C9=2010,"",IF(D9="","",IFERROR(D9-INDEX($D:$D,MATCH(A9&"-"&(C9-1),$I:$I,0)),""))) -> 0 | K9: =IF(C9=2010,"",IF(E9="","",IFERROR(E9-INDEX($E:$E,MATCH(A9&"-"&(C9-1),$I:$I,0)),""))) -> -0.2 | L9: =IF(C9=2010,"",IF(F9="","",IFERROR(F9-INDEX($F:$F,MATCH(A9&"-"&(C9-1),$I:$I,0)),"" ))) -> -0.16862754 | M9: =IFERROR(F9*H9,"") -> 467100 | N9: =IF(D9="","",100-D9) -> 0 | O9: =IFERROR(F9/G9*1000,"") | P9: =IFERROR(VLOOKUP(A9,Ref_Data!$A:$B,2,0),"Unknown") -> High Income | Q9: =IFERROR(VLOOKUP(A9,Ref_Data!$A:$C,3,0),"Unknown") -> Latin America & Caribbean | R9: =IF(D9="","No Data",IF(D9>=95,"Universal Access",IF(D9>=80,"High Access",IF(D9>=50,"Moderate Access",IF(D9>=20,"Low Access","Critical"))))) -> Universal Access | S9: =IF(D9="","",D9-AVERAGEIF($C:$C,C9,$D:$D)) -> 15.146092 | T9: =IF(E9="","",E9-AVERAGEIF($C:$C,C9,$E:$E)) -> -22.741519 | U9: =IF(F9="","",F9-AVERAGEIF($C:$C,C9,$F:$F)) -> -0.38198613 | V9: =IFERROR(IF(D9="","",D9-INDEX($D:$D,MATCH(A9&"-2010",$I:$I,0))),"") -> 6.6 | W9: =IFERROR(IF(F9="","",F9-INDEX($F:$F,MATCH(A9&"-2010",$I:$I,0))),"") -> -0.44509801
A10: ABW | B10: Aruba | C10: 2018 | D10: 100 | E10: 8.6 | F10: 4.2724134 | H10: 108908 | I10: =Master_Data!$A10 & "-" & Master_Data!$C10 -> ABW-2018 | J10: =IF(C10=2010,"",IF(D10="","",IFERROR(D10-INDEX($D:$D,MATCH(A10&"-"&(C10-1),$I:$I,0)),""))) -> 0 | K10: =IF(C10=2010,"",IF(E10="","",IFERROR(E10-INDEX($E:$E,MATCH(A10&"-"&(C10-1),$I:$I,0)),""))) -> 1.8 | L10: =IF(C10=2010,"",IF(F10="","",IFERROR(F10-INDEX($F:$F,MATCH(A10&"-"&(C10-1),$I:$I,0)),"" ))) -> -0.02335152 | M10: =IFERROR(F10*H10,"") -> 465300 | N10: =IF(D10="","",100-D10) -> 0 | O10: =IFERROR(F10/G10*1000,"") | P10: =IFERROR(VLOOKUP(A10,Ref_Data!$A:$B,2,0),"Unknown") -> High Income | Q10: =IFERROR(VLOOKUP(A10,Ref_Data!$A:$C,3,0),"Unknown") -> Latin America & Caribbean | R10: =IF(D10="","No Data",IF(D10>=95,"Universal Access",IF(D10>=80,"High Access",IF(D10>=50,"Moderate Access",IF(D10>=20,"Low Access","Critical"))))) -> Universal Access | S10: =IF(D10="","",D10-AVERAGEIF($C:$C,C10,$D:$D)) -> 14.516199 | T10: =IF(E10="","",E10-AVERAGEIF($C:$C,C10,$E:$E)) -> -20.96303 | U10: =IF(F10="","",F10-AVERAGEIF($C:$C,C10,$F:$F)) -> -0.4384556 | V10: =IFERROR(IF(D10="","",D10-INDEX($D:$D,MATCH(A10&"-2010",$I:$I,0))),"") -> 6.6 | W10: =IFERROR(IF(F10="","",F10-INDEX($F:$F,MATCH(A10&"-2010",$I:$I,0))),"") -> -0.46844953
A11: ABW | B11: Aruba | C11: 2019 | D11: 100 | E11: 8.3 | F11: 4.6656227 | H11: 109203 | I11: =Master_Data!$A11 & "-" & Master_Data!$C11 -> ABW-2019 | J11: =IF(C11=2010,"",IF(D11="","",IFERROR(D11-INDEX($D:$D,MATCH(A11&"-"&(C11-1),$I:$I,0)),""))) -> 0 | K11: =IF(C11=2010,"",IF(E11="","",IFERROR(E11-INDEX($E:$E,MATCH(A11&"-"&(C11-1),$I:$I,0)),""))) -> -0.3 | L11: =IF(C11=2010,"",IF(F11="","",IFERROR(F11-INDEX($F:$F,MATCH(A11&"-"&(C11-1),$I:$I,0)),"" ))) -> 0.39320933 | M11: =IFERROR(F11*H11,"") -> 509500 | N11: =IF(D11="","",100-D11) -> 0 | O11: =IFERROR(F11/G11*1000,"") | P11: =IFERROR(VLOOKUP(A11,Ref_Data!$A:$B,2,0),"Unknown") -> High Income | Q11: =IFERROR(VLOOKUP(A11,Ref_Data!$A:$C,3,0),"Unknown") -> Latin America & Caribbean | R11: =IF(D11="","No Data",IF(D11>=95,"Universal Access",IF(D11>=80,"High Access",IF(D11>=50,"Moderate Access",IF(D11>=20,"Low Access","Critical"))))) -> Universal Access | S11: =IF(D11="","",D11-AVERAGEIF($C:$C,C11,$D:$D)) -> 13.958623 | T11: =IF(E11="","",E11-AVERAGEIF($C:$C,C11,$E:$E)) -> -21.162191 | U11: =IF(F11="","",F11-AVERAGEIF($C:$C,C11,$F:$F)) -> -0.017778557 | V11: =IFERROR(IF(D11="","",D11-INDEX($D:$D,MATCH(A11&"-2010",$I:$I,0))),"") -> 6.6 | W11: =IFERROR(IF(F11="","",F11-INDEX($F:$F,MATCH(A11&"-2010",$I:$I,0))),"") -> -0.0752402
A12: ABW | B12: Aruba | C12: 2020 | D12: 100 | E12: 9.1 | F12: 4.5005387 | H12: 108587 | I12: =Master_Data!$A12 & "-" & Master_Data!$C12 -> ABW-2020 | J12: =IF(C12=2010,"",IF(D12="","",IFERROR(D12-INDEX($D:$D,MATCH(A12&"-"&(C12-1),$I:$I,0)),""))) -> 0 | K12: =IF(C12=2010,"",IF(E12="","",IFERROR(E12-INDEX($E:$E,MATCH(A12&"-"&(C12-1),$I:$I,0)),""))) -> 0.8 | L12: =IF(C12=2010,"",IF(F12="","",IFERROR(F12-INDEX($F:$F,MATCH(A12&"-"&(C12-1),$I:$I,0)),"" ))) -> -0.165084 | M12: =IFERROR(F12*H12,"") -> 488700 | N12: =IF(D12="","",100-D12) -> 0 | O12: =IFERROR(F12/G12*1000,"") | P12: =IFERROR(VLOOKUP(A12,Ref_Data!$A:$B,2,0),"Unknown") -> High Income | Q12: =IFERROR(VLOOKUP(A12,Ref_Data!$A:$C,3,0),"Unknown") -> Latin America & Caribbean | R12: =IF(D12="","No Data",IF(D12>=95,"Universal Access",IF(D12>=80,"High Access",IF(D12>=50,"Moderate Access",IF(D12>=20,"Low Access","Critical"))))) -> Universal Access | S12: =IF(D12="","",D12-AVERAGEIF($C:$C,C12,$D:$D)) -> 13.426165 | T12: =IF(E12="","",E12-AVERAGEIF($C:$C,C12,$E:$E)) -> -21.434853 | U12: =IF(F12="","",F12-AVERAGEIF($C:$C,C12,$F:$F)) -> 0.099791103 | V12: =IFERROR(IF(D12="","",D12-INDEX($D:$D,MATCH(A12&"-2010",$I:$I,0))),"") -> 6.6 | W12: =IFERROR(IF(F12="","",F12-INDEX($F:$F,MATCH(A12&"-2010",$I:$I,0))),"") -> -0.2403242
A13: ABW | B13: Aruba | C13: 2021 | D13: 100 | E13: 8.8 | F13: 4.7112349 | H13: 107700 | I13: =Master_Data!$A13 & "-" & Master_Data!$C13 -> ABW-2021 | J13: =IF(C13=2010,"",IF(D13="","",IFERROR(D13-INDEX($D:$D,MATCH(A13&"-"&(C13-1),$I:$I,0)),""))) -> 0 | K13: =IF(C13=2010,"",IF(E13="","",IFERROR(E13-INDEX($E:$E,MATCH(A13&"-"&(C13-1),$I:$I,0)),""))) -> -0.3 | L13: =IF(C13=2010,"",IF(F13="","",IFERROR(F13-INDEX($F:$F,MATCH(A13&"-"&(C13-1),$I:$I,0)),"" ))) -> 0.21069617 | M13: =IFERROR(F13*H13,"") -> 507400 | N13: =IF(D13="","",100-D13) -> 0 | O13: =IFERROR(F13/G13*1000,"") | P13: =IFERROR(VLOOKUP(A13,Ref_Data!$A:$B,2,0),"Unknown") -> High Income | Q13: =IFERROR(VLOOKUP(A13,Ref_Data!$A:$C,3,0),"Unknown") -> Latin America & Caribbean | R13: =IF(D13="","No Data",IF(D13>=95,"Universal Access",IF(D13>=80,"High Access",IF(D13>=50,"Moderate Access",IF(D13>=20,"Low Access","Critical"))))) -> Universal Access | S13: =IF(D13="","",D13-AVERAGEIF($C:$C,C13,$D:$D)) -> 12.874831 | T13: =IF(E13="","",E13-AVERAGEIF($C:$C,C13,$E:$E)) -> -20.803382 | U13: =IF(F13="","",F13-AVERAGEIF($C:$C,C13,$F:$F)) -> 0.13050057 | V13: =IFERROR(IF(D13="","",D13-INDEX($D:$D,MATCH(A13&"-2010",$I:$I,0))),"") -> 6.6 | W13: =IFERROR(IF(F13="","",F13-INDEX($F:$F,MATCH(A13&"-2010",$I:$I,0))),"") -> -0.029628027
... A27: AFG | B27: Afghanistan | C27: 2022 | D27: 85.3 | E27: 20 | F27: 0.27842096 | H27: 40578842 | I27: =Master_Data!$A27 & "-" & Master_Data!$C27 -> AFG-2022 | J27: =IF(C27=2010,"",IF(D27="","",IFERROR(D27-INDEX($D:$D,MATCH(A27&"-"&(C27-1),$I:$I,0)),""))) -> -12.4 | K27: =IF(C27=2010,"",IF(E27="","",IFERROR(E27-INDEX($E:$E,MATCH(A27&"-"&(C27-1),$I:$I,0)),""))) -> 0 | L27: =IF(C27=2010,"",IF(F27="","",IFERROR(F27-INDEX($F:$F,MATCH(A27&"-"&(C27-1),$I:$I,0)),"" ))) -> -0.033735829 | M27: =IFERROR(F27*H27,"") -> 11298000 | N27: =IF(D27="","",100-D27) -> 14.7 | O27: =IFERROR(F27/G27*1000,"") | P27: =IFERROR(VLOOKUP(A27,Ref_Data!$A:$B,2,0),"Unknown") -> Low Income | Q27: =IFERROR(VLOOKUP(A27,Ref_Data!$A:$C,3,0),"Unknown") -> South Asia | R27: =IF(D27="","No Data",IF(D27>=95,"Universal Access",IF(D27>=80,"High Access",IF(D27>=50,"Moderate Access",IF(D27>=20,"Low Access","Critical"))))) -> High Access | S27: =IF(D27="","",D27-AVERAGEIF($C:$C,C27,$D:$D)) -> -2.1140537 | T27: =IF(E27="","",E27-AVERAGEIF($C:$C,C27,$E:$E)) -> -10.421739 | U27: =IF(F27="","",F27-AVERAGEIF($C:$C,C27,$F:$F)) -> -4.2723801 | V27: =IFERROR(IF(D27="","",D27-INDEX($D:$D,MATCH(A27&"-2010",$I:$I,0))),"") -> 42.6 | W27: =IFERROR(IF(F27="","",F27-INDEX($F:$F,MATCH(A27&"-2010",$I:$I,0))),"") -> 0.000229214
A28: AGO | B28: Angola | C28: 2010 | D28: 35 | E28: 53.1 | F28: 0.97617818 | G28: 487.28107 | H28: 23294825 | I28: =Master_Data!$A28 & "-" & Master_Data!$C28 -> AGO-2010 | J28: =IF(C28=2010,"",IF(D28="","",IFERROR(D28-INDEX($D:$D,MATCH(A28&"-"&(C28-1),$I:$I,0)),""))) | K28: =IF(C28=2010,"",IF(E28="","",IFERROR(E28-INDEX($E:$E,MATCH(A28&"-"&(C28-1),$I:$I,0)),""))) | L28: =IF(C28=2010,"",IF(F28="","",IFERROR(F28-INDEX($F:$F,MATCH(A28&"-"&(C28-1),$I:$I,0)),"" ))) | M28: =IFERROR(F28*H28,"") -> 22739900 | N28: =IF(D28="","",100-D28) -> 65 | O28: =IFERROR(F28/G28*1000,"") -> 2.0033164 | P28: =IFERROR(VLOOKUP(A28,Ref_Data!$A:$B,2,0),"Unknown") -> Lower Middle Income | Q28: =IFERROR(VLOOKUP(A28,Ref_Data!$A:$C,3,0),"Unknown") -> Sub-Saharan Africa | R28: =IF(D28="","No Data",IF(D28>=95,"Universal Access",IF(D28>=80,"High Access",IF(D28>=50,"Moderate Access",IF(D28>=20,"Low Access","Critical"))))) -> Low Access | S28: =IF(D28="","",D28-AVERAGEIF($C:$C,C28,$D:$D)) -> -44.624657 | T28: =IF(E28="","",E28-AVERAGEIF($C:$C,C28,$E:$E)) -> 22.687335 | U28: =IF(F28="","",F28-AVERAGEIF($C:$C,C28,$F:$F)) -> -4.121881 | V28: =IFERROR(IF(D28="","",D28-INDEX($D:$D,MATCH(A28&"-2010",$I:$I,0))),"") -> 0 | W28: =IFERROR(IF(F28="","",F28-INDEX($F:$F,MATCH(A28&"-2010",$I:$I,0))),"") -> 0
A29: AGO | B29: Angola | C29: 2011 | D29: 34.6 | E29: 51.7 | F29: 0.97653631 | G29: 486.23537 | H29: 24218352 | I29: =Master_Data!$A29 & "-" & Master_Data!$C29 -> AGO-2011 | J29: =IF(C29=2010,"",IF(D29="","",IFERROR(D29-INDEX($D:$D,MATCH(A29&"-"&(C29-1),$I:$I,0)),""))) -> -0.4 | K29: =IF(C29=2010,"",IF(E29="","",IFERROR(E29-INDEX($E:$E,MATCH(A29&"-"&(C29-1),$I:$I,0)),""))) -> -1.4 | L29: =IF(C29=2010,"",IF(F29="","",IFERROR(F29-INDEX($F:$F,MATCH(A29&"-"&(C29-1),$I:$I,0)),"" ))) -> 0.000358121 | M29: =IFERROR(F29*H29,"") -> 23650100 | N29: =IF(D29="","",100-D29) -> 65.4 | O29: =IFERROR(F29/G29*1000,"") -> 2.0083613 | P29: =IFERROR(VLOOKUP(A29,Ref_Data!$A:$B,2,0),"Unknown") -> Lower Middle Income | Q29: =IFERROR(VLOOKUP(A29,Ref_Data!$A:$C,3,0),"Unknown") -> Sub-Saharan Africa | R29: =IF(D29="","No Data",IF(D29>=95,"Universal Access",IF(D29>=80,"High Access",IF(D29>=50,"Moderate Access",IF(D29>=20,"Low Access","Critical"))))) -> Low Access | S29: =IF(D29="","",D29-AVERAGEIF($C:$C,C29,$D:$D)) -> -45.815327 | T29: =IF(E29="","",E29-AVERAGEIF($C:$C,C29,$E:$E)) -> 21.50263 | U29: =IF(F29="","",F29-AVERAGEIF($C:$C,C29,$F:$F)) -> -4.1499971 | V29: =IFERROR(IF(D29="","",D29-INDEX($D:$D,MATCH(A29&"-2010",$I:$I,0))),"") -> -0.4 | W29: =IFERROR(IF(F29="","",F29-INDEX($F:$F,MATCH(A29&"-2010",$I:$I,0))),"") -> 0.000358121
A30: AGO | B30: Angola | C30: 2012 | D30: 37.3 | E30: 49 | F30: 0.98168222 | G30: 531.24332 | H30: 25177394 | I30: =Master_Data!$A30 & "-" & Master_Data!$C30 -> AGO-2012 | J30: =IF(C30=2010,"",IF(D30="","",IFERROR(D30-INDEX($D:$D,MATCH(A30&"-"&(C30-1),$I:$I,0)),""))) -> 2.7 | K30: =IF(C30=2010,"",IF(E30="","",IFERROR(E30-INDEX($E:$E,MATCH(A30&"-"&(C30-1),$I:$I,0)),""))) -> -2.7 | L30: =IF(C30=2010,"",IF(F30="","",IFERROR(F30-INDEX($F:$F,MATCH(A30&"-"&(C30-1),$I:$I,0)),"" ))) -> 0.005145913 | M30: =IFERROR(F30*H30,"") -> 24716200 | N30: =IF(D30="","",100-D30) -> 62.7 | O30: =IFERROR(F30/G30*1000,"") -> 1.8478956 | P30: =IFERROR(VLOOKUP(A30,Ref_Data!$A:$B,2,0),"Unknown") -> Lower Middle Income | Q30: =IFERROR(VLOOKUP(A30,Ref_Data!$A:$C,3,0),"Unknown") -> Sub-Saharan Africa | R30: =IF(D30="","No Data",IF(D30>=95,"Universal Access",IF(D30>=80,"High Access",IF(D30>=50,"Moderate Access",IF(D30>=20,"Low Access","Critical"))))) -> Low Access | S30: =IF(D30="","",D30-AVERAGEIF($C:$C,C30,$D:$D)) -> -43.820805 | T30: =IF(E30="","",E30-AVERAGEIF($C:$C,C30,$E:$E)) -> 18.892871 | U30: =IF(F30="","",F30-AVERAGEIF($C:$C,C30,$F:$F)) -> -4.4238218 | V30: =IFERROR(IF(D30="","",D30-INDEX($D:$D,MATCH(A30&"-2010",$I:$I,0))),"") -> 2.3 | W30: =IFERROR(IF(F30="","",F30-INDEX($F:$F,MATCH(A30&"-2010",$I:$I,0))),"") -> 0.005504034
A31: AGO | B31: Angola | C31: 2013 | D31: 38.4 | E31: 46.8 | F31: 1.0905264 | G31: 512.0218 | H31: 26165620 | I31: =Master_Data!$A31 & "-" & Master_Data!$C31 -> AGO-2013 | J31: =IF(C31=2010,"",IF(D31="","",IFERROR(D31-INDEX($D:$D,MATCH(A31&"-"&(C31-1),$I:$I,0)),""))) -> 1.1 | K31: =IF(C31=2010,"",IF(E31="","",IFERROR(E31-INDEX($E:$E,MATCH(A31&"-"&(C31-1),$I:$I,0)),""))) -> -2.2 | L31: =IF(C31=2010,"",IF(F31="","",IFERROR(F31-INDEX($F:$F,MATCH(A31&"-"&(C31-1),$I:$I,0)),"" ))) -> 0.10884421 | M31: =IFERROR(F31*H31,"") -> 28534300 | N31: =IF(D31="","",100-D31) -> 61.6 | O31: =IFERROR(F31/G31*1000,"") -> 2.1298437 | P31: =IFERROR(VLOOKUP(A31,Ref_Data!$A:$B,2,0),"Unknown") -> Lower Middle Income | Q31: =IFERROR(VLOOKUP(A31,Ref_Data!$A:$C,3,0),"Unknown") -> Sub-Saharan Africa | R31: =IF(D31="","No Data",IF(D31>=95,"Universal Access",IF(D31>=80,"High Access",IF(D31>=50,"Moderate Access",IF(D31>=20,"Low Access","Critical"))))) -> Low Access | S31: =IF(D31="","",D31-AVERAGEIF($C:$C,C31,$D:$D)) -> -43.312538 | T31: =IF(E31="","",E31-AVERAGEIF($C:$C,C31,$E:$E)) -> 16.49836 | U31: =IF(F31="","",F31-AVERAGEIF($C:$C,C31,$F:$F)) -> -3.877844 | V31: =IFERROR(IF(D31="","",D31-INDEX($D:$D,MATCH(A31&"-2010",$I:$I,0))),"") -> 3.4 | W31: =IFERROR(IF(F31="","",F31-INDEX($F:$F,MATCH(A31&"-2010",$I:$I,0))),"") -> 0.11434824
A32: AGO | B32: Angola | C32: 2014 | D32: 32 | E32: 47.5 | F32: 1.1372027 | G32: 447.16033 | H32: 27160769 | I32: =Master_Data!$A32 & "-" & Master_Data!$C32 -> AGO-2014 | J32: =IF(C32=2010,"",IF(D32="","",IFERROR(D32-INDEX($D:$D,MATCH(A32&"-"&(C32-1),$I:$I,0)),""))) -> -6.4 | K32: =IF(C32=2010,"",IF(E32="","",IFERROR(E32-INDEX($E:$E,MATCH(A32&"-"&(C32-1),$I:$I,0)),""))) -> 0.7 | L32: =IF(C32=2010,"",IF(F32="","",IFERROR(F32-INDEX($F:$F,MATCH(A32&"-"&(C32-1),$I:$I,0)),"" ))) -> 0.046676282 | M32: =IFERROR(F32*H32,"") -> 30887300 | N32: =IF(D32="","",100-D32) -> 68 | O32: =IFERROR(F32/G32*1000,"") -> 2.5431655 | P32: =IFERROR(VLOOKUP(A32,Ref_Data!$A:$B,2,0),"Unknown") -> Lower Middle Income | Q32: =IFERROR(VLOOKUP(A32,Ref_Data!$A:$C,3,0),"Unknown") -> Sub-Saharan Africa | R32: =IF(D32="","No Data",IF(D32>=95,"Universal Access",IF(D32>=80,"High Access",IF(D32>=50,"Moderate Access",IF(D32>=20,"Low Access","Critical"))))) -> Low Access | S32: =IF(D32="","",D32-AVERAGEIF($C:$C,C32,$D:$D)) -> -50.440903 | T32: =IF(E32="","",E32-AVERAGEIF($C:$C,C32,$E:$E)) -> 17.388273 | U32: =IF(F32="","",F32-AVERAGEIF($C:$C,C32,$F:$F)) -> -3.6540842 | V32: =IFERROR(IF(D32="","",D32-INDEX($D:$D,MATCH(A32&"-2010",$I:$I,0))),"") -> -3 | W32: =IFERROR(IF(F32="","",F32-INDEX($F:$F,MATCH(A32&"-2010",$I:$I,0))),"") -> 0.16102452
A33: AGO | B33: Angola | C33: 2015 | D33: 42 | E33: 47.1 | F33: 1.1750386 | G33: 517.52521 | H33: 28157798 | I33: =Master_Data!$A33 & "-" & Master_Data!$C33 -> AGO-2015 | J33: =IF(C33=2010,"",IF(D33="","",IFERROR(D33-INDEX($D:$D,MATCH(A33&"-"&(C33-1),$I:$I,0)),""))) -> 10 | K33: =IF(C33=2010,"",IF(E33="","",IFERROR(E33-INDEX($E:$E,MATCH(A33&"-"&(C33-1),$I:$I,0)),""))) -> -0.4 | L33: =IF(C33=2010,"",IF(F33="","",IFERROR(F33-INDEX($F:$F,MATCH(A33&"-"&(C33-1),$I:$I,0)),"" ))) -> 0.03783591 | M33: =IFERROR(F33*H33,"") -> 33086500 | N33: =IF(D33="","",100-D33) -> 58 | O33: =IFERROR(F33/G33*1000,"") -> 2.2704954 | P33: =IFERROR(VLOOKUP(A33,Ref_Data!$A:$B,2,0),"Unknown") -> Lower Middle Income | Q33: =IFERROR(VLOOKUP(A33,Ref_Data!$A:$C,3,0),"Unknown") -> Sub-Saharan Africa | R33: =IF(D33="","No Data",IF(D33>=95,"Universal Access",IF(D33>=80,"High Access",IF(D33>=50,"Moderate Access",IF(D33>=20,"Low Access","Critical"))))) -> Low Access | S33: =IF(D33="","",D33-AVERAGEIF($C:$C,C33,$D:$D)) -> -41.015239 | T33: =IF(E33="","",E33-AVERAGEIF($C:$C,C33,$E:$E)) -> 17.184843 | U33: =IF(F33="","",F33-AVERAGEIF($C:$C,C33,$F:$F)) -> -3.5344028 | V33: =IFERROR(IF(D33="","",D33-INDEX($D:$D,MATCH(A33&"-2010",$I:$I,0))),"") -> 7 | W33: =IFERROR(IF(F33="","",F33-INDEX($F:$F,MATCH(A33&"-2010",$I:$I,0))),"") -> 0.19886043
A34: AGO | B34: Angola | C34: 2016 | D34: 41.8 | E34: 48.1 | F34: 1.0716761 | G34: 462.93499 | H34: 29183070 | I34: =Master_Data!$A34 & "-" & Master_Data!$C34 -> AGO-2016 | J34: =IF(C34=2010,"",IF(D34="","",IFERROR(D34-INDEX($D:$D,MATCH(A34&"-"&(C34-1),$I:$I,0)),""))) -> -0.2 | K34: =IF(C34=2010,"",IF(E34="","",IFERROR(E34-INDEX($E:$E,MATCH(A34&"-"&(C34-1),$I:$I,0)),""))) -> 1 | L34: =IF(C34=2010,"",IF(F34="","",IFERROR(F34-INDEX($F:$F,MATCH(A34&"-"&(C34-1),$I:$I,0)),"" ))) -> -0.10336247 | M34: =IFERROR(F34*H34,"") -> 31274800 | N34: =IF(D34="","",100-D34) -> 58.2 | O34: =IFERROR(F34/G34*1000,"") -> 2.3149603 | P34: =IFERROR(VLOOKUP(A34,Ref_Data!$A:$B,2,0),"Unknown") -> Lower Middle Income | Q34: =IFERROR(VLOOKUP(A34,Ref_Data!$A:$C,3,0),"Unknown") -> Sub-Saharan Africa | R34: =IF(D34="","No Data",IF(D34>=95,"Universal Access",IF(D34>=80,"High Access",IF(D34>=50,"Moderate Access",IF(D34>=20,"Low Access","Critical"))))) -> Low Access | S34: =IF(D34="","",D34-AVERAGEIF($C:$C,C34,$D:$D)) -> -42.294751 | T34: =IF(E34="","",E34-AVERAGEIF($C:$C,C34,$E:$E)) -> 18.393942 | U34: =IF(F34="","",F34-AVERAGEIF($C:$C,C34,$F:$F)) -> -3.6026956 | V34: =IFERROR(IF(D34="","",D34-INDEX($D:$D,MATCH(A34&"-2010",$I:$I,0))),"") -> 6.8 | W34: =IFERROR(IF(F34="","",F34-INDEX($F:$F,MATCH(A34&"-2010",$I:$I,0))),"") -> 0.095497961
A35: AGO | B35: Angola | C35: 2017 | D35: 42.9 | E35: 52.5 | F35: 0.92592191 | G35: 456.69222 | H35: 30234839 | I35: =Master_Data!$A35 & "-" & Master_Data!$C35 -> AGO-2017 | J35: =IF(C35=2010,"",IF(D35="","",IFERROR(D35-INDEX($D:$D,MATCH(A35&"-"&(C35-1),$I:$I,0)),""))) -> 1.1 | K35: =IF(C35=2010,"",IF(E35="","",IFERROR(E35-INDEX($E:$E,MATCH(A35&"-"&(C35-1),$I:$I,0)),""))) -> 4.4 | L35: =IF(C35=2010,"",IF(F35="","",IFERROR(F35-INDEX($F:$F,MATCH(A35&"-"&(C35-1),$I:$I,0)),"" ))) -> -0.14575423 | M35: =IFERROR(F35*H35,"") -> 27995100 | N35: =IF(D35="","",100-D35) -> 57.1 | O35: =IFERROR(F35/G35*1000,"") -> 2.0274528 | P35: =IFERROR(VLOOKUP(A35,Ref_Data!$A:$B,2,0),"Unknown") -> Lower Middle Income | Q35: =IFERROR(VLOOKUP(A35,Ref_Data!$A:$C,3,0),"Unknown") -> Sub-Saharan Africa | R35: =IF(D35="","No Data",IF(D35>=95,"Universal Access",IF(D35>=80,"High Access",IF(D35>=50,"Moderate Access",IF(D35>=20,"Low Access","Critical"))))) -> Low Access | S35: =IF(D35="","",D35-AVERAGEIF($C:$C,C35,$D:$D)) -> -41.953908 | T35: =IF(E35="","",E35-AVERAGEIF($C:$C,C35,$E:$E)) -> 22.958481 | U35: =IF(F35="","",F35-AVERAGEIF($C:$C,C35,$F:$F)) -> -3.7518292 | V35: =IFERROR(IF(D35="","",D35-INDEX($D:$D,MATCH(A35&"-2010",$I:$I,0))),"") -> 7.9 | W35: =IFERROR(IF(F35="","",F35-INDEX($F:$F,MATCH(A35&"-2010",$I:$I,0))),"") -> -0.050256271
A36: AGO | B36: Angola | C36: 2018 | D36: 45.3 | E36: 52.5 | F36: 0.82480979 | G36: 405.17975 | H36: 31297155 | I36: =Master_Data!$A36 & "-" & Master_Data!$C36 -> AGO-2018 | J36: =IF(C36=2010,"",IF(D36="","",IFERROR(D36-INDEX($D:$D,MATCH(A36&"-"&(C36-1),$I:$I,0)),""))) -> 2.4 | K36: =IF(C36=2010,"",IF(E36="","",IFERROR(E36-INDEX($E:$E,MATCH(A36&"-"&(C36-1),$I:$I,0)),""))) -> 0 | L36: =IF(C36=2010,"",IF(F36="","",IFERROR(F36-INDEX($F:$F,MATCH(A36&"-"&(C36-1),$I:$I,0)),"" ))) -> -0.10111212 | M36: =IFERROR(F36*H36,"") -> 25814200 | N36: =IF(D36="","",100-D36) -> 54.7 | O36: =IFERROR(F36/G36*1000,"") -> 2.0356639 | P36: =IFERROR(VLOOKUP(A36,Ref_Data!$A:$B,2,0),"Unknown") -> Lower Middle Income | Q36: =IFERROR(VLOOKUP(A36,Ref_Data!$A:$C,3,0),"Unknown") -> Sub-Saharan Africa | R36: =IF(D36="","No Data",IF(D36>=95,"Universal Access",IF(D36>=80,"High Access",IF(D36>=50,"Moderate Access",IF(D36>=20,"Low Access","Critical"))))) -> Low Access | S36: =IF(D36="","",D36-AVERAGEIF($C:$C,C36,$D:$D)) -> -40.183801 | T36: =IF(E36="","",E36-AVERAGEIF($C:$C,C36,$E:$E)) -> 22.93697 | U36: =IF(F36="","",F36-AVERAGEIF($C:$C,C36,$F:$F)) -> -3.8860592 | V36: =IFERROR(IF(D36="","",D36-INDEX($D:$D,MATCH(A36&"-2010",$I:$I,0))),"") -> 10.3 | W36: =IFERROR(IF(F36="","",F36-INDEX($F:$F,MATCH(A36&"-2010",$I:$I,0))),"") -> -0.15136839
A37: AGO | B37: Angola | C37: 2019 | D37: 45.6 | E37: 51 | F37: 0.83384627 | G37: 416.99651 | H37: 32375632 | I37: =Master_Data!$A37 & "-" & Master_Data!$C37 -> AGO-2019 | J37: =IF(C37=2010,"",IF(D37="","",IFERROR(D37-INDEX($D:$D,MATCH(A37&"-"&(C37-1),$I:$I,0)),""))) -> 0.3 | K37: =IF(C37=2010,"",IF(E37="","",IFERROR(E37-INDEX($E:$E,MATCH(A37&"-"&(C37-1),$I:$I,0)),""))) -> -1.5 | L37: =IF(C37=2010,"",IF(F37="","",IFERROR(F37-INDEX($F:$F,MATCH(A37&"-"&(C37-1),$I:$I,0)),"" ))) -> 0.009036476 | M37: =IFERROR(F37*H37,"") -> 26996300 | N37: =IF(D37="","",100-D37) -> 54.4 | O37: =IFERROR(F37/G37*1000,"") -> 1.9996481 | P37: =IFERROR(VLOOKUP(A37,Ref_Data!$A:$B,2,0),"Unknown") -> Lower Middle Income | Q37: =IFERROR(VLOOKUP(A37,Ref_Data!$A:$C,3,0),"Unknown") -> Sub-Saharan Africa | R37: =IF(D37="","No Data",IF(D37>=95,"Universal Access",IF(D37>=80,"High Access",IF(D37>=50,"Moderate Access",IF(D37>=20,"Low Access","Critical"))))) -> Low Access | S37: =IF(D37="","",D37-AVERAGEIF($C:$C,C37,$D:$D)) -> -40.441377 | T37: =IF(E37="","",E37-AVERAGEIF($C:$C,C37,$E:$E)) -> 21.537809 | U37: =IF(F37="","",F37-AVERAGEIF($C:$C,C37,$F:$F)) -> -3.849555 | V37: =IFERROR(IF(D37="","",D37-INDEX($D:$D,MATCH(A37&"-2010",$I:$I,0))),"") -> 10.6 | W37: =IFERROR(IF(F37="","",F37-INDEX($F:$F,MATCH(A37&"-2010",$I:$I,0))),"") -> -0.14233191
A38: AGO | B38: Angola | C38: 2020 | D38: 47 | E38: 60.1 | F38: 0.61397025 | G38: 397.63319 | H38: 33451132 | I38: =Master_Data!$A38 & "-" & Master_Data!$C38 -> AGO-2020 | J38: =IF(C38=2010,"",IF(D38="","",IFERROR(D38-INDEX($D:$D,MATCH(A38&"-"&(C38-1),$I:$I,0)),""))) -> 1.4 | K38: =IF(C38=2010,"",IF(E38="","",IFERROR(E38-INDEX($E:$E,MATCH(A38&"-"&(C38-1),$I:$I,0)),""))) -> 9.1 | L38: =IF(C38=2010,"",IF(F38="","",IFERROR(F38-INDEX($F:$F,MATCH(A38&"-"&(C38-1),$I:$I,0)),"" ))) -> -0.21987602 | M38: =IFERROR(F38*H38,"") -> 20538000 | N38: =IF(D38="","",100-D38) -> 53 | O38: =IFERROR(F38/G38*1000,"") -> 1.5440619 | P38: =IFERROR(VLOOKUP(A38,Ref_Data!$A:$B,2,0),"Unknown") -> Lower Middle Income | Q38: =IFERROR(VLOOKUP(A38,Ref_Data!$A:$C,3,0),"Unknown") -> Sub-Saharan Africa | R38: =IF(D38="","No Data",IF(D38>=95,"Universal Access",IF(D38>=80,"High Access",IF(D38>=50,"Moderate Access",IF(D38>=20,"Low Access","Critical"))))) -> Low Access | S38: =IF(D38="","",D38-AVERAGEIF($C:$C,C38,$D:$D)) -> -39.573835 | T38: =IF(E38="","",E38-AVERAGEIF($C:$C,C38,$E:$E)) -> 29.565147 | U38: =IF(F38="","",F38-AVERAGEIF($C:$C,C38,$F:$F)) -> -3.7867774 | V38: =IFERROR(IF(D38="","",D38-INDEX($D:$D,MATCH(A38&"-2010",$I:$I,0))),"") -> 12 | W38: =IFERROR(IF(F38="","",F38-INDEX($F:$F,MATCH(A38&"-2010",$I:$I,0))),"") -> -0.36220793
A39: AGO | B39: Angola | C39: 2021 | D39: 48.2 | E39: 52.9 | F39: 0.74029255 | G39: 418.359 | H39: 34532429 | I39: =Master_Data!$A39 & "-" & Master_Data!$C39 -> AGO-2021 | J39: =IF(C39=2010,"",IF(D39="","",IFERROR(D39-INDEX($D:$D,MATCH(A39&"-"&(C39-1),$I:$I,0)),""))) -> 1.2 | K39: =IF(C39=2010,"",IF(E39="","",IFERROR(E39-INDEX($E:$E,MATCH(A39&"-"&(C39-1),$I:$I,0)),""))) -> -7.2 | L39: =IF(C39=2010,"",IF(F39="","",IFERROR(F39-INDEX($F:$F,MATCH(A39&"-"&(C39-1),$I:$I,0)),"" ))) -> 0.1263223 | M39: =IFERROR(F39*H39,"") -> 25564100 | N39: =IF(D39="","",100-D39) -> 51.8 | O39: =IFERROR(F39/G39*1000,"") -> 1.7695151 | P39: =IFERROR(VLOOKUP(A39,Ref_Data!$A:$B,2,0),"Unknown") -> Lower Middle Income | Q39: =IFERROR(VLOOKUP(A39,Ref_Data!$A:$C,3,0),"Unknown") -> Sub-Saharan Africa | R39: =IF(D39="","No Data",IF(D39>=95,"Universal Access",IF(D39>=80,"High Access",IF(D39>=50,"Moderate Access",IF(D39>=20,"Low Access","Critical"))))) -> Low Access | S39: =IF(D39="","",D39-AVERAGEIF($C:$C,C39,$D:$D)) -> -38.925169 | T39: =IF(E39="","",E39-AVERAGEIF($C:$C,C39,$E:$E)) -> 23.296618 | U39: =IF(F39="","",F39-AVERAGEIF($C:$C,C39,$F:$F)) -> -3.8404418 | V39: =IFERROR(IF(D39="","",D39-INDEX($D:$D,MATCH(A39&"-2010",$I:$I,0))),"") -> 13.2 | W39: =IFERROR(IF(F39="","",F39-INDEX($F:$F,MATCH(A39&"-2010",$I:$I,0))),"") -> -0.23588563
A40: AGO | B40: Angola | C40: 2022 | D40: 48.5 | F40: 0.74881095 | G40: 423.12252 | H40: 35635029 | I40: =Master_Data!$A40 & "-" & Master_Data!$C40 -> AGO-2022 | J40: =IF(C40=2010,"",IF(D40="","",IFERROR(D40-INDEX($D:$D,MATCH(A40&"-"&(C40-1),$I:$I,0)),""))) -> 0.3 | K40: =IF(C40=2010,"",IF(E40="","",IFERROR(E40-INDEX($E:$E,MATCH(A40&"-"&(C40-1),$I:$I,0)),""))) | L40: =IF(C40=2010,"",IF(F40="","",IFERROR(F40-INDEX($F:$F,MATCH(A40&"-"&(C40-1),$I:$I,0)),"" ))) -> 0.0085184 | M40: =IFERROR(F40*H40,"") -> 26683900 | N40: =IF(D40="","",100-D40) -> 51.5 | O40: =IFERROR(F40/G40*1000,"") -> 1.7697261 | P40: =IFERROR(VLOOKUP(A40,Ref_Data!$A:$B,2,0),"Unknown") -> Lower Middle Income | Q40: =IFERROR(VLOOKUP(A40,Ref_Data!$A:$C,3,0),"Unknown") -> Sub-Saharan Africa | R40: =IF(D40="","No Data",IF(D40>=95,"Universal Access",IF(D40>=80,"High Access",IF(D40>=50,"Moderate Access",IF(D40>=20,"Low Access","Critical"))))) -> Low Access | S40: =IF(D40="","",D40-AVERAGEIF($C:$C,C40,$D:$D)) -> -38.914054 | T40: =IF(E40="","",E40-AVERAGEIF($C:$C,C40,$E:$E)) | U40: =IF(F40="","",F40-AVERAGEIF($C:$C,C40,$F:$F)) -> -3.8019901 | V40: =IFERROR(IF(D40="","",D40-INDEX($D:$D,MATCH(A40&"-2010",$I:$I,0))),"") -> 13.5 | W40: =IFERROR(IF(F40="","",F40-INDEX($F:$F,MATCH(A40&"-2010",$I:$I,0))),"") -> -0.22736723
A41: ALB | B41: Albania | C41: 2010 | D41: 99.6 | E41: 37 | F41: 1.5677882 | G41: 731.0534 | H41: 2913021 | I41: =Master_Data!$A41 & "-" & Master_Data!$C41 -> ALB-2010 | J41: =IF(C41=2010,"",IF(D41="","",IFERROR(D41-INDEX($D:$D,MATCH(A41&"-"&(C41-1),$I:$I,0)),""))) | K41: =IF(C41=2010,"",IF(E41="","",IFERROR(E41-INDEX($E:$E,MATCH(A41&"-"&(C41-1),$I:$I,0)),""))) | L41: =IF(C41=2010,"",IF(F41="","",IFERROR(F41-INDEX($F:$F,MATCH(A41&"-"&(C41-1),$I:$I,0)),"" ))) | M41: =IFERROR(F41*H41,"") -> 4567000 | N41: =IF(D41="","",100-D41) -> 0.4 | O41: =IFERROR(F41/G41*1000,"") -> 2.1445605 | P41: =IFERROR(VLOOKUP(A41,Ref_Data!$A:$B,2,0),"Unknown") -> Upper Middle Income | Q41: =IFERROR(VLOOKUP(A41,Ref_Data!$A:$C,3,0),"Unknown") -> Europe & Central Asia | R41: =IF(D41="","No Data",IF(D41>=95,"Universal Access",IF(D41>=80,"High Access",IF(D41>=50,"Moderate Access",IF(D41>=20,"Low Access","Critical"))))) -> Universal Access | S41: =IF(D41="","",D41-AVERAGEIF($C:$C,C41,$D:$D)) -> 19.975343 | T41: =IF(E41="","",E41-AVERAGEIF($C:$C,C41,$E:$E)) -> 6.5873351 | U41: =IF(F41="","",F41-AVERAGEIF($C:$C,C41,$F:$F)) -> -3.530271 | V41: =IFERROR(IF(D41="","",D41-INDEX($D:$D,MATCH(A41&"-2010",$I:$I,0))),"") -> 0 | W41: =IFERROR(IF(F41="","",F41-INDEX($F:$F,MATCH(A41&"-2010",$I:$I,0))),"") -> 0
A42: ALB | B42: Albania | C42: 2011 | D42: 99.7 | E42: 35.8 | F42: 1.7212958 | G42: 766.89462 | H42: 2905195 | I42: =Master_Data!$A42 & "-" & Master_Data!$C42 -> ALB-2011 | J42: =IF(C42=2010,"",IF(D42="","",IFERROR(D42-INDEX($D:$D,MATCH(A42&"-"&(C42-1),$I:$I,0)),""))) -> 0.1 | K42: =IF(C42=2010,"",IF(E42="","",IFERROR(E42-INDEX($E:$E,MATCH(A42&"-"&(C42-1),$I:$I,0)),""))) -> -1.2 | L42: =IF(C42=2010,"",IF(F42="","",IFERROR(F42-INDEX($F:$F,MATCH(A42&"-"&(C42-1),$I:$I,0)),"" ))) -> 0.1535076 | M42: =IFERROR(F42*H42,"") -> 5000700 | N42: =IF(D42="","",100-D42) -> 0.3 | O42: =IFERROR(F42/G42*1000,"") -> 2.2445011 | P42: =IFERROR(VLOOKUP(A42,Ref_Data!$A:$B,2,0),"Unknown") -> Upper Middle Income | Q42: =IFERROR(VLOOKUP(A42,Ref_Data!$A:$C,3,0),"Unknown") -> Europe & Central Asia | R42: =IF(D42="","No Data",IF(D42>=95,"Universal Access",IF(D42>=80,"High Access",IF(D42>=50,"Moderate Access",IF(D42>=20,"Low Access","Critical"))))) -> Universal Access | S42: =IF(D42="","",D42-AVERAGEIF($C:$C,C42,$D:$D)) -> 19.284673 | T42: =IF(E42="","",E42-AVERAGEIF($C:$C,C42,$E:$E)) -> 5.6026297 | U42: =IF(F42="","",F42-AVERAGEIF($C:$C,C42,$F:$F)) -> -3.4052376 | V42: =IFERROR(IF(D42="","",D42-INDEX($D:$D,MATCH(A42&"-2010",$I:$I,0))),"") -> 0.1 | W42: =IFERROR(IF(F42="","",F42-INDEX($F:$F,MATCH(A42&"-2010",$I:$I,0))),"") -> 0.1535076
A43: ALB | B43: Albania | C43: 2012 | D43: 99.9 | E43: 39.9 | F43: 1.5864954 | G43: 699.4449 | H43: 2860708 | I43: =Master_Data!$A43 & "-" & Master_Data!$C43 -> ALB-2012 | J43: =IF(C43=2010,"",IF(D43="","",IFERROR(D43-INDEX($D:$D,MATCH(A43&"-"&(C43-1),$I:$I,0)),""))) -> 0.2 | K43: =IF(C43=2010,"",IF(E43="","",IFERROR(E43-INDEX($E:$E,MATCH(A43&"-"&(C43-1),$I:$I,0)),""))) -> 4.1 | L43: =IF(C43=2010,"",IF(F43="","",IFERROR(F43-INDEX($F:$F,MATCH(A43&"-"&(C43-1),$I:$I,0)),"" ))) -> -0.13480045 | M43: =IFERROR(F43*H43,"") -> 4538500 | N43: =IF(D43="","",100-D43) -> 0.1 | O43: =IFERROR(F43/G43*1000,"") -> 2.2682207 | P43: =IFERROR(VLOOKUP(A43,Ref_Data!$A:$B,2,0),"Unknown") -> Upper Middle Income | Q43: =IFERROR(VLOOKUP(A43,Ref_Data!$A:$C,3,0),"Unknown") -> Europe & Central Asia | R43: =IF(D43="","No Data",IF(D43>=95,"Universal Access",IF(D43>=80,"High Access",IF(D43>=50,"Moderate Access",IF(D43>=20,"Low Access","Critical"))))) -> Universal Access | S43: =IF(D43="","",D43-AVERAGEIF($C:$C,C43,$D:$D)) -> 18.779195 | T43: =IF(E43="","",E43-AVERAGEIF($C:$C,C43,$E:$E)) -> 9.7928705 | U43: =IF(F43="","",F43-AVERAGEIF($C:$C,C43,$F:$F)) -> -3.8190087 | V43: =IFERROR(IF(D43="","",D43-INDEX($D:$D,MATCH(A43&"-2010",$I:$I,0))),"") -> 0.3 | W43: =IFERROR(IF(F43="","",F43-INDEX($F:$F,MATCH(A43&"-2010",$I:$I,0))),"") -> 0.018707154
A44: ALB | B44: Albania | C44: 2013 | D44: 99.9 | E44: 41.1 | F44: 1.6934561 | G44: 826.01838 | H44: 2816902 | I44: =Master_Data!$A44 & "-" & Master_Data!$C44 -> ALB-2013 | J44: =IF(C44=2010,"",IF(D44="","",IFERROR(D44-INDEX($D:$D,MATCH(A44&"-"&(C44-1),$I:$I,0)),""))) -> 0 | K44: =IF(C44=2010,"",IF(E44="","",IFERROR(E44-INDEX($E:$E,MATCH(A44&"-"&(C44-1),$I:$I,0)),""))) -> 1.2 | L44: =IF(C44=2010,"",IF(F44="","",IFERROR(F44-INDEX($F:$F,MATCH(A44&"-"&(C44-1),$I:$I,0)),"" ))) -> 0.10696077 | M44: =IFERROR(F44*H44,"") -> 4770300 | N44: =IF(D44="","",100-D44) -> 0.1 | O44: =IFERROR(F44/G44*1000,"") -> 2.0501434 | P44: =IFERROR(VLOOKUP(A44,Ref_Data!$A:$B,2,0),"Unknown") -> Upper Middle Income | Q44: =IFERROR(VLOOKUP(A44,Ref_Data!$A:$C,3,0),"Unknown") -> Europe & Central Asia | R44: =IF(D44="","No Data",IF(D44>=95,"Universal Access",IF(D44>=80,"High Access",IF(D44>=50,"Moderate Access",IF(D44>=20,"Low Access","Critical"))))) -> Universal Access | S44: =IF(D44="","",D44-AVERAGEIF($C:$C,C44,$D:$D)) -> 18.187462 | T44: =IF(E44="","",E44-AVERAGEIF($C:$C,C44,$E:$E)) -> 10.79836 | U44: =IF(F44="","",F44-AVERAGEIF($C:$C,C44,$F:$F)) -> -3.2749143 | V44: =IFERROR(IF(D44="","",D44-INDEX($D:$D,MATCH(A44&"-2010",$I:$I,0))),"") -> 0.3 | W44: =IFERROR(IF(F44="","",F44-INDEX($F:$F,MATCH(A44&"-2010",$I:$I,0))),"") -> 0.12566793
A45: ALB | B45: Albania | C45: 2014 | D45: 100 | E45: 38.6 | F45: 1.8394479 | G45: 844.59008 | H45: 2773767 | I45: =Master_Data!$A45 & "-" & Master_Data!$C45 -> ALB-2014 | J45: =IF(C45=2010,"",IF(D45="","",IFERROR(D45-INDEX($D:$D,MATCH(A45&"-"&(C45-1),$I:$I,0)),""))) -> 0.1 | K45: =IF(C45=2010,"",IF(E45="","",IFERROR(E45-INDEX($E:$E,MATCH(A45&"-"&(C45-1),$I:$I,0)),""))) -> -2.5 | L45: =IF(C45=2010,"",IF(F45="","",IFERROR(F45-INDEX($F:$F,MATCH(A45&"-"&(C45-1),$I:$I,0)),"" ))) -> 0.1459918 | M45: =IFERROR(F45*H45,"") -> 5102200 | N45: =IF(D45="","",100-D45) -> 0 | O45: =IFERROR(F45/G45*1000,"") -> 2.177918 | P45: =IFERROR(VLOOKUP(A45,Ref_Data!$A:$B,2,0),"Unknown") -> Upper Middle Income | Q45: =IFERROR(VLOOKUP(A45,Ref_Data!$A:$C,3,0),"Unknown") -> Europe & Central Asia | R45: =IF(D45="","No Data",IF(D45>=95,"Universal Access",IF(D45>=80,"High Access",IF(D45>=50,"Moderate Access",IF(D45>=20,"Low Access","Critical"))))) -> Universal Access | S45: =IF(D45="","",D45-AVERAGEIF($C:$C,C45,$D:$D)) -> 17.559097 | T45: =IF(E45="","",E45-AVERAGEIF($C:$C,C45,$E:$E)) -> 8.4882734 | U45: =IF(F45="","",F45-AVERAGEIF($C:$C,C45,$F:$F)) -> -2.951839 | V45: =IFERROR(IF(D45="","",D45-INDEX($D:$D,MATCH(A45&"-2010",$I:$I,0))),"") -> 0.4 | W45: =IFERROR(IF(F45="","",F45-INDEX($F:$F,MATCH(A45&"-2010",$I:$I,0))),"") -> 0.27165973
A46: ALB | B46: Albania | C46: 2015 | D46: 100 | E46: 38.5 | F46: 1.7850886 | G46: 803.98745 | H46: 2731293 | I46: =Master_Data!$A46 & "-" & Master_Data!$C46 -> ALB-2015 | J46: =IF(C46=2010,"",IF(D46="","",IFERROR(D46-INDEX($D:$D,MATCH(A46&"-"&(C46-1),$I:$I,0)),""))) -> 0 | K46: =IF(C46=2010,"",IF(E46="","",IFERROR(E46-INDEX($E:$E,MATCH(A46&"-"&(C46-1),$I:$I,0)),""))) -> -0.1 | L46: =IF(C46=2010,"",IF(F46="","",IFERROR(F46-INDEX($F:$F,MATCH(A46&"-"&(C46-1),$I:$I,0)),"" ))) -> -0.054359341 | M46: =IFERROR(F46*H46,"") -> 4875600 | N46: =IF(D46="","",100-D46) -> 0 | O46: =IFERROR(F46/G46*1000,"") -> 2.2202941 | P46: =IFERROR(VLOOKUP(A46,Ref_Data!$A:$B,2,0),"Unknown") -> Upper Middle Income | Q46: =IFERROR(VLOOKUP(A46,Ref_Data!$A:$C,3,0),"Unknown") -> Europe & Central Asia | R46: =IF(D46="","No Data",IF(D46>=95,"Universal Access",IF(D46>=80,"High Access",IF(D46>=50,"Moderate Access",IF(D46>=20,"Low Access","Critical"))))) -> Universal Access | S46: =IF(D46="","",D46-AVERAGEIF($C:$C,C46,$D:$D)) -> 16.984761 | T46: =IF(E46="","",E46-AVERAGEIF($C:$C,C46,$E:$E)) -> 8.5848428 | U46: =IF(F46="","",F46-AVERAGEIF($C:$C,C46,$F:$F)) -> -2.9243528 | V46: =IFERROR(IF(D46="","",D46-INDEX($D:$D,MATCH(A46&"-2010",$I:$I,0))),"") -> 0.4 | W46: =IFERROR(IF(F46="","",F46-INDEX($F:$F,MATCH(A46&"-2010",$I:$I,0))),"") -> 0.21730038
A47: ALB | B47: Albania | C47: 2016 | D47: 99.9 | E47: 39.4 | F47: 1.6873963 | G47: 840.61936 | H47: 2689469 | I47: =Master_Data!$A47 & "-" & Master_Data!$C47 -> ALB-2016 | J47: =IF(C47=2010,"",IF(D47="","",IFERROR(D47-INDEX($D:$D,MATCH(A47&"-"&(C47-1),$I:$I,0)),""))) -> -0.1 | K47: =IF(C47=2010,"",IF(E47="","",IFERROR(E47-INDEX($E:$E,MATCH(A47&"-"&(C47-1),$I:$I,0)),""))) -> 0.9 | L47: =IF(C47=2010,"",IF(F47="","",IFERROR(F47-INDEX($F:$F,MATCH(A47&"-"&(C47-1),$I:$I,0)),"" ))) -> -0.097692316 | M47: =IFERROR(F47*H47,"") -> 4538200 | N47: =IF(D47="","",100-D47) -> 0.1 | O47: =IFERROR(F47/G47*1000,"") -> 2.007325 | P47: =IFERROR(VLOOKUP(A47,Ref_Data!$A:$B,2,0),"Unknown") -> Upper Middle Income | Q47: =IFERROR(VLOOKUP(A47,Ref_Data!$A:$C,3,0),"Unknown") -> Europe & Central Asia | R47: =IF(D47="","No Data",IF(D47>=95,"Universal Access",IF(D47>=80,"High Access",IF(D47>=50,"Moderate Access",IF(D47>=20,"Low Access","Critical"))))) -> Universal Access | S47: =IF(D47="","",D47-AVERAGEIF($C:$C,C47,$D:$D)) -> 15.805249 | T47: =IF(E47="","",E47-AVERAGEIF($C:$C,C47,$E:$E)) -> 9.6939425 | U47: =IF(F47="","",F47-AVERAGEIF($C:$C,C47,$F:$F)) -> -2.9869755 | V47: =IFERROR(IF(D47="","",D47-INDEX($D:$D,MATCH(A47&"-2010",$I:$I,0))),"") -> 0.3 | W47: =IFERROR(IF(F47="","",F47-INDEX($F:$F,MATCH(A47&"-2010",$I:$I,0))),"") -> 0.11960807
A48: ALB | B48: Albania | C48: 2017 | D48: 99.9 | E48: 36.9 | F48: 2.0244422 | G48: 894.4664 | H48: 2648285 | I48: =Master_Data!$A48 & "-" & Master_Data!$C48 -> ALB-2017 | J48: =IF(C48=2010,"",IF(D48="","",IFERROR(D48-INDEX($D:$D,MATCH(A48&"-"&(C48-1),$I:$I,0)),""))) -> 0 | K48: =IF(C48=2010,"",IF(E48="","",IFERROR(E48-INDEX($E:$E,MATCH(A48&"-"&(C48-1),$I:$I,0)),""))) -> -2.5 | L48: =IF(C48=2010,"",IF(F48="","",IFERROR(F48-INDEX($F:$F,MATCH(A48&"-"&(C48-1),$I:$I,0)),"" ))) -> 0.33704595 | M48: =IFERROR(F48*H48,"") -> 5361300 | N48: =IF(D48="","",100-D48) -> 0.1 | O48: =IFERROR(F48/G48*1000,"") -> 2.263296 | P48: =IFERROR(VLOOKUP(A48,Ref_Data!$A:$B,2,0),"Unknown") -> Upper Middle Income | Q48: =IFERROR(VLOOKUP(A48,Ref_Data!$A:$C,3,0),"Unknown") -> Europe & Central Asia | R48: =IF(D48="","No Data",IF(D48>=95,"Universal Access",IF(D48>=80,"High Access",IF(D48>=50,"Moderate Access",IF(D48>=20,"Low Access","Critical"))))) -> Universal Access | S48: =IF(D48="","",D48-AVERAGEIF($C:$C,C48,$D:$D)) -> 15.046092 | T48: =IF(E48="","",E48-AVERAGEIF($C:$C,C48,$E:$E)) -> 7.3584811 | U48: =IF(F48="","",F48-AVERAGEIF($C:$C,C48,$F:$F)) -> -2.6533088 | V48: =IFERROR(IF(D48="","",D48-INDEX($D:$D,MATCH(A48&"-2010",$I:$I,0))),"") -> 0.3 | W48: =IFERROR(IF(F48="","",F48-INDEX($F:$F,MATCH(A48&"-2010",$I:$I,0))),"") -> 0.45665402
A49: ALB | B49: Albania | C49: 2018 | D49: 100 | E49: 37.8 | F49: 2.0454932 | G49: 904.73977 | H49: 2607733 | I49: =Master_Data!$A49 & "-" & Master_Data!$C49 -> ALB-2018 | J49: =IF(C49=2010,"",IF(D49="","",IFERROR(D49-INDEX($D:$D,MATCH(A49&"-"&(C49-1),$I:$I,0)),""))) -> 0.1 | K49: =IF(C49=2010,"",IF(E49="","",IFERROR(E49-INDEX($E:$E,MATCH(A49&"-"&(C49-1),$I:$I,0)),""))) -> 0.9 | L49: =IF(C49=2010,"",IF(F49="","",IFERROR(F49-INDEX($F:$F,MATCH(A49&"-"&(C49-1),$I:$I,0)),"" ))) -> 0.021050921 | M49: =IFERROR(F49*H49,"") -> 5334100 | N49: =IF(D49="","",100-D49) -> 0 | O49: =IFERROR(F49/G49*1000,"") -> 2.2608635 | P49: =IFERROR(VLOOKUP(A49,Ref_Data!$A:$B,2,0),"Unknown") -> Upper Middle Income | Q49: =IFERROR(VLOOKUP(A49,Ref_Data!$A:$C,3,0),"Unknown") -> Europe & Central Asia | R49: =IF(D49="","No Data",IF(D49>=95,"Universal Access",IF(D49>=80,"High Access",IF(D49>=50,"Moderate Access",IF(D49>=20,"Low Access","Critical"))))) -> Universal Access | S49: =IF(D49="","",D49-AVERAGEIF($C:$C,C49,$D:$D)) -> 14.516199 | T49: =IF(E49="","",E49-AVERAGEIF($C:$C,C49,$E:$E)) -> 8.2369698 | U49: =IF(F49="","",F49-AVERAGEIF($C:$C,C49,$F:$F)) -> -2.6653759 | V49: =IFERROR(IF(D49="","",D49-INDEX($D:$D,MATCH(A49&"-2010",$I:$I,0))),"") -> 0.4 | W49: =IFERROR(IF(F49="","",F49-INDEX($F:$F,MATCH(A49&"-2010",$I:$I,0))),"") -> 0.47770494
A50: ALB | B50: Albania | C50: 2019 | D50: 100 | E50: 40.1 | F50: 1.9409604 | G50: 908.31725 | H50: 2567801 | I50: =Master_Data!$A50 & "-" & Master_Data!$C50 -> ALB-2019 | J50: =IF(C50=2010,"",IF(D50="","",IFERROR(D50-INDEX($D:$D,MATCH(A50&"-"&(C50-1),$I:$I,0)),""))) -> 0 | K50: =IF(C50=2010,"",IF(E50="","",IFERROR(E50-INDEX($E:$E,MATCH(A50&"-"&(C50-1),$I:$I,0)),""))) -> 2.3 | L50: =IF(C50=2010,"",IF(F50="","",IFERROR(F50-INDEX($F:$F,MATCH(A50&"-"&(C50-1),$I:$I,0)),"" ))) -> -0.10453278 | M50: =IFERROR(F50*H50,"") -> 4984000 | N50: =IF(D50="","",100-D50) -> 0 | O50: =IFERROR(F50/G50*1000,"") -> 2.1368749 | P50: =IFERROR(VLOOKUP(A50,Ref_Data!$A:$B,2,0),"Unknown") -> Upper Middle Income | Q50: =IFERROR(VLOOKUP(A50,Ref_Data!$A:$C,3,0),"Unknown") -> Europe & Central Asia | R50: =IF(D50="","No Data",IF(D50>=95,"Universal Access",IF(D50>=80,"High Access",IF(D50>=50,"Moderate Access",IF(D50>=20,"Low Access","Critical"))))) -> Universal Access | S50: =IF(D50="","",D50-AVERAGEIF($C:$C,C50,$D:$D)) -> 13.958623 | T50: =IF(E50="","",E50-AVERAGEIF($C:$C,C50,$E:$E)) -> 10.637809 | U50: =IF(F50="","",F50-AVERAGEIF($C:$C,C50,$F:$F)) -> -2.7424409 | V50: =IFERROR(IF(D50="","",D50-INDEX($D:$D,MATCH(A50&"-2010",$I:$I,0))),"") -> 0.4 | W50: =IFERROR(IF(F50="","",F50-INDEX($F:$F,MATCH(A50&"-2010",$I:$I,0))),"") -> 0.37317216
A51: ALB | B51: Albania | C51: 2020 | D51: 100 | E51: 44.4 | F51: 1.8064608 | G51: 855.18559 | H51: 2528480 | I51: =Master_Data!$A51 & "-" & Master_Data!$C51 -> ALB-2020 | J51: =IF(C51=2010,"",IF(D51="","",IFERROR(D51-INDEX($D:$D,MATCH(A51&"-"&(C51-1),$I:$I,0)),""))) -> 0 | K51: =IF(C51=2010,"",IF(E51="","",IFERROR(E51-INDEX($E:$E,MATCH(A51&"-"&(C51-1),$I:$I,0)),""))) -> 4.3 | L51: =IF(C51=2010,"",IF(F51="","",IFERROR(F51-INDEX($F:$F,MATCH(A51&"-"&(C51-1),$I:$I,0)),"" ))) -> -0.13449958 | M51: =IFERROR(F51*H51,"") -> 4567600 | N51: =IF(D51="","",100-D51) -> 0 | O51: =IFERROR(F51/G51*1000,"") -> 2.1123611 | P51: =IFERROR(VLOOKUP(A51,Ref_Data!$A:$B,2,0),"Unknown") -> Upper Middle Income | Q51: =IFERROR(VLOOKUP(A51,Ref_Data!$A:$C,3,0),"Unknown") -> Europe & Central Asia | R51: =IF(D51="","No Data",IF(D51>=95,"Universal Access",IF(D51>=80,"High Access",IF(D51>=50,"Moderate Access",IF(D51>=20,"Low Access","Critical"))))) -> Universal Access | S51: =IF(D51="","",D51-AVERAGEIF($C:$C,C51,$D:$D)) -> 13.426165 | T51: =IF(E51="","",E51-AVERAGEIF($C:$C,C51,$E:$E)) -> 13.865147 | U51: =IF(F51="","",F51-AVERAGEIF($C:$C,C51,$F:$F)) -> -2.5942868 | V51: =IFERROR(IF(D51="","",D51-INDEX($D:$D,MATCH(A51&"-2010",$I:$I,0))),"") -> 0.4 | W51: =IFERROR(IF(F51="","",F51-INDEX($F:$F,MATCH(A51&"-2010",$I:$I,0))),"") -> 0.23867258
A52: ALB | B52: Albania | C52: 2021 | D52: 100 | E52: 41.9 | F52: 2.0532886 | G52: 914.73293 | H52: 2489762 | I52: =Master_Data!$A52 & "-" & Master_Data!$C52 -> ALB-2021 | J52: =IF(C52=2010,"",IF(D52="","",IFERROR(D52-INDEX($D:$D,MATCH(A52&"-"&(C52-1),$I:$I,0)),""))) -> 0 | K52: =IF(C52=2010,"",IF(E52="","",IFERROR(E52-INDEX($E:$E,MATCH(A52&"-"&(C52-1),$I:$I,0)),""))) -> -2.5 | L52: =IF(C52=2010,"",IF(F52="","",IFERROR(F52-INDEX($F:$F,MATCH(A52&"-"&(C52-1),$I:$I,0)),"" ))) -> 0.24682783 | M52: =IFERROR(F52*H52,"") -> 5112200 | N52: =IF(D52="","",100-D52) -> 0 | O52: =IFERROR(F52/G52*1000,"") -> 2.2446865 | P52: =IFERROR(VLOOKUP(A52,Ref_Data!$A:$B,2,0),"Unknown") -> Upper Middle Income | Q52: =IFERROR(VLOOKUP(A52,Ref_Data!$A:$C,3,0),"Unknown") -> Europe & Central Asia | R52: =IF(D52="","No Data",IF(D52>=95,"Universal Access",IF(D52>=80,"High Access",IF(D52>=50,"Moderate Access",IF(D52>=20,"Low Access","Critical"))))) -> Universal Access | S52: =IF(D52="","",D52-AVERAGEIF($C:$C,C52,$D:$D)) -> 12.874831 | T52: =IF(E52="","",E52-AVERAGEIF($C:$C,C52,$E:$E)) -> 12.296618 | U52: =IF(F52="","",F52-AVERAGEIF($C:$C,C52,$F:$F)) -> -2.5274457 | V52: =IFERROR(IF(D52="","",D52-INDEX($D:$D,MATCH(A52&"-2010",$I:$I,0))),"") -> 0.4 | W52: =IFERROR(IF(F52="","",F52-INDEX($F:$F,MATCH(A52&"-2010",$I:$I,0))),"") -> 0.48550041
A53: ALB | B53: Albania | C53: 2022 | D53: 100 | F53: 1.8452576 | G53: 884.57222 | H53: 2451636 | I53: =Master_Data!$A53 & "-" & Master_Data!$C53 -> ALB-2022 | J53: =IF(C53=2010,"",IF(D53="","",IFERROR(D53-INDEX($D:$D,MATCH(A53&"-"&(C53-1),$I:$I,0)),""))) -> 0 | K53: =IF(C53=2010,"",IF(E53="","",IFERROR(E53-INDEX($E:$E,MATCH(A53&"-"&(C53-1),$I:$I,0)),""))) | L53: =IF(C53=2010,"",IF(F53="","",IFERROR(F53-INDEX($F:$F,MATCH(A53&"-"&(C53-1),$I:$I,0)),"" ))) -> -0.20803101 | M53: =IFERROR(F53*H53,"") -> 4523900 | N53: =IF(D53="","",100-D53) -> 0 | O53: =IFERROR(F53/G53*1000,"") -> 2.0860452 | P53: =IFERROR(VLOOKUP(A53,Ref_Data!$A:$B,2,0),"Unknown") -> Upper Middle Income | Q53: =IFERROR(VLOOKUP(A53,Ref_Data!$A:$C,3,0),"Unknown") -> Europe & Central Asia | R53: =IF(D53="","No Data",IF(D53>=95,"Universal Access",IF(D53>=80,"High Access",IF(D53>=50,"Moderate Access",IF(D53>=20,"Low Access","Critical"))))) -> Universal Access | S53: =IF(D53="","",D53-AVERAGEIF($C:$C,C53,$D:$D)) -> 12.585946 | T53: =IF(E53="","",E53-AVERAGEIF($C:$C,C53,$E:$E)) | U53: =IF(F53="","",F53-AVERAGEIF($C:$C,C53,$F:$F)) -> -2.7055434 | V53: =IFERROR(IF(D53="","",D53-INDEX($D:$D,MATCH(A53&"-2010",$I:$I,0))),"") -> 0.4 | W53: =IFERROR(IF(F53="","",F53-INDEX($F:$F,MATCH(A53&"-2010",$I:$I,0))),"") -> 0.2774694
A54: AND | B54: Andorra | C54: 2010 | D54: 100 | E54: 18.7 | H54: 80706 | I54: =Master_Data!$A54 & "-" & Master_Data!$C54 -> AND-2010 | J54: =IF(C54=2010,"",IF(D54="","",IFERROR(D54-INDEX($D:$D,MATCH(A54&"-"&(C54-1),$I:$I,0)),""))) | K54: =IF(C54=2010,"",IF(E54="","",IFERROR(E54-INDEX($E:$E,MATCH(A54&"-"&(C54-1),$I:$I,0)),""))) | L54: =IF(C54=2010,"",IF(F54="","",IFERROR(F54-INDEX($F:$F,MATCH(A54&"-"&(C54-1),$I:$I,0)),"" ))) | M54: =IFERROR(F54*H54,"") -> 0 | N54: =IF(D54="","",100-D54) -> 0 | O54: =IFERROR(F54/G54*1000,"") | P54: =IFERROR(VLOOKUP(A54,Ref_Data!$A:$B,2,0),"Unknown") -> High Income | Q54: =IFERROR(VLOOKUP(A54,Ref_Data!$A:$C,3,0),"Unknown") -> Europe & Central Asia | R54: =IF(D54="","No Data",IF(D54>=95,"Universal Access",IF(D54>=80,"High Access",IF(D54>=50,"Moderate Access",IF(D54>=20,"Low Access","Critical"))))) -> Universal Access | S54: =IF(D54="","",D54-AVERAGEIF($C:$C,C54,$D:$D)) -> 20.375343 | T54: =IF(E54="","",E54-AVERAGEIF($C:$C,C54,$E:$E)) -> -11.712665 | U54: =IF(F54="","",F54-AVERAGEIF($C:$C,C54,$F:$F)) | V54: =IFERROR(IF(D54="","",D54-INDEX($D:$D,MATCH(A54&"-2010",$I:$I,0))),"") -> 0 | W54: =IFERROR(IF(F54="","",F54-INDEX($F:$F,MATCH(A54&"-2010",$I:$I,0))),"")
A55: AND | B55: Andorra | C55: 2011 | D55: 100 | E55: 18.6 | H55: 77783 | I55: =Master_Data!$A55 & "-" & Master_Data!$C55 -> AND-2011 | J55: =IF(C55=2010,"",IF(D55="","",IFERROR(D55-INDEX($D:$D,MATCH(A55&"-"&(C55-1),$I:$I,0)),""))) -> 0 | K55: =IF(C55=2010,"",IF(E55="","",IFERROR(E55-INDEX($E:$E,MATCH(A55&"-"&(C55-1),$I:$I,0)),""))) -> -0.1 | L55: =IF(C55=2010,"",IF(F55="","",IFERROR(F55-INDEX($F:$F,MATCH(A55&"-"&(C55-1),$I:$I,0)),"" ))) | M55: =IFERROR(F55*H55,"") -> 0 | N55: =IF(D55="","",100-D55) -> 0 | O55: =IFERROR(F55/G55*1000,"") | P55: =IFERROR(VLOOKUP(A55,Ref_Data!$A:$B,2,0),"Unknown") -> High Income | Q55: =IFERROR(VLOOKUP(A55,Ref_Data!$A:$C,3,0),"Unknown") -> Europe & Central Asia | R55: =IF(D55="","No Data",IF(D55>=95,"Universal Access",IF(D55>=80,"High Access",IF(D55>=50,"Moderate Access",IF(D55>=20,"Low Access","Critical"))))) -> Universal Access | S55: =IF(D55="","",D55-AVERAGEIF($C:$C,C55,$D:$D)) -> 19.584673 | T55: =IF(E55="","",E55-AVERAGEIF($C:$C,C55,$E:$E)) -> -11.59737 | U55: =IF(F55="","",F55-AVERAGEIF($C:$C,C55,$F:$F)) | V55: =IFERROR(IF(D55="","",D55-INDEX($D:$D,MATCH(A55&"-2010",$I:$I,0))),"") -> 0 | W55: =IFERROR(IF(F55="","",F55-INDEX($F:$F,MATCH(A55&"-2010",$I:$I,0))),"")
A56: AND | B56: Andorra | C56: 2012 | D56: 100 | E56: 18.8 | H56: 76834 | I56: =Master_Data!$A56 & "-" & Master_Data!$C56 -> AND-2012 | J56: =IF(C56=2010,"",IF(D56="","",IFERROR(D56-INDEX($D:$D,MATCH(A56&"-"&(C56-1),$I:$I,0)),""))) -> 0 | K56: =IF(C56=2010,"",IF(E56="","",IFERROR(E56-INDEX($E:$E,MATCH(A56&"-"&(C56-1),$I:$I,0)),""))) -> 0.2 | L56: =IF(C56=2010,"",IF(F56="","",IFERROR(F56-INDEX($F:$F,MATCH(A56&"-"&(C56-1),$I:$I,0)),"" ))) | M56: =IFERROR(F56*H56,"") -> 0 | N56: =IF(D56="","",100-D56) -> 0 | O56: =IFERROR(F56/G56*1000,"") | P56: =IFERROR(VLOOKUP(A56,Ref_Data!$A:$B,2,0),"Unknown") -> High Income | Q56: =IFERROR(VLOOKUP(A56,Ref_Data!$A:$C,3,0),"Unknown") -> Europe & Central Asia | R56: =IF(D56="","No Data",IF(D56>=95,"Universal Access",IF(D56>=80,"High Access",IF(D56>=50,"Moderate Access",IF(D56>=20,"Low Access","Critical"))))) -> Universal Access | S56: =IF(D56="","",D56-AVERAGEIF($C:$C,C56,$D:$D)) -> 18.879195 | T56: =IF(E56="","",E56-AVERAGEIF($C:$C,C56,$E:$E)) -> -11.307129 | U56: =IF(F56="","",F56-AVERAGEIF($C:$C,C56,$F:$F)) | V56: =IFERROR(IF(D56="","",D56-INDEX($D:$D,MATCH(A56&"-2010",$I:$I,0))),"") -> 0 | W56: =IFERROR(IF(F56="","",F56-INDEX($F:$F,MATCH(A56&"-2010",$I:$I,0))),"")
A57: AND | B57: Andorra | C57: 2013 | D57: 100 | E57: 19.1 | H57: 75194 | I57: =Master_Data!$A57 & "-" & Master_Data!$C57 -> AND-2013 | J57: =IF(C57=2010,"",IF(D57="","",IFERROR(D57-INDEX($D:$D,MATCH(A57&"-"&(C57-1),$I:$I,0)),""))) -> 0 | K57: =IF(C57=2010,"",IF(E57="","",IFERROR(E57-INDEX($E:$E,MATCH(A57&"-"&(C57-1),$I:$I,0)),""))) -> 0.3 | L57: =IF(C57=2010,"",IF(F57="","",IFERROR(F57-INDEX($F:$F,MATCH(A57&"-"&(C57-1),$I:$I,0)),"" ))) | M57: =IFERROR(F57*H57,"") -> 0 | N57: =IF(D57="","",100-D57) -> 0 | O57: =IFERROR(F57/G57*1000,"") | P57: =IFERROR(VLOOKUP(A57,Ref_Data!$A:$B,2,0),"Unknown") -> High Income | Q57: =IFERROR(VLOOKUP(A57,Ref_Data!$A:$C,3,0),"Unknown") -> Europe & Central Asia | R57: =IF(D57="","No Data",IF(D57>=95,"Universal Access",IF(D57>=80,"High Access",IF(D57>=50,"Moderate Access",IF(D57>=20,"Low Access","Critical"))))) -> Universal Access | S57: =IF(D57="","",D57-AVERAGEIF($C:$C,C57,$D:$D)) -> 18.287462 | T57: =IF(E57="","",E57-AVERAGEIF($C:$C,C57,$E:$E)) -> -11.20164 | U57: =IF(F57="","",F57-AVERAGEIF($C:$C,C57,$F:$F)) | V57: =IFERROR(IF(D57="","",D57-INDEX($D:$D,MATCH(A57&"-2010",$I:$I,0))),"") -> 0 | W57: =IFERROR(IF(F57="","",F57-INDEX($F:$F,MATCH(A57&"-2010",$I:$I,0))),"")
A58: AND | B58: Andorra | C58: 2014 | D58: 100 | E58: 19.4 | H58: 73737 | I58: =Master_Data!$A58 & "-" & Master_Data!$C58 -> AND-2014 | J58: =IF(C58=2010,"",IF(D58="","",IFERROR(D58-INDEX($D:$D,MATCH(A58&"-"&(C58-1),$I:$I,0)),""))) -> 0 | K58: =IF(C58=2010,"",IF(E58="","",IFERROR(E58-INDEX($E:$E,MATCH(A58&"-"&(C58-1),$I:$I,0)),""))) -> 0.3 | L58: =IF(C58=2010,"",IF(F58="","",IFERROR(F58-INDEX($F:$F,MATCH(A58&"-"&(C58-1),$I:$I,0)),"" ))) | M58: =IFERROR(F58*H58,"") -> 0 | N58: =IF(D58="","",100-D58) -> 0 | O58: =IFERROR(F58/G58*1000,"") | P58: =IFERROR(VLOOKUP(A58,Ref_Data!$A:$B,2,0),"Unknown") -> High Income | Q58: =IFERROR(VLOOKUP(A58,Ref_Data!$A:$C,3,0),"Unknown") -> Europe & Central Asia | R58: =IF(D58="","No Data",IF(D58>=95,"Universal Access",IF(D58>=80,"High Access",IF(D58>=50,"Moderate Access",IF(D58>=20,"Low Access","Critical"))))) -> Universal Access | S58: =IF(D58="","",D58-AVERAGEIF($C:$C,C58,$D:$D)) -> 17.559097 | T58: =IF(E58="","",E58-AVERAGEIF($C:$C,C58,$E:$E)) -> -10.711727 | U58: =IF(F58="","",F58-AVERAGEIF($C:$C,C58,$F:$F)) | V58: =IFERROR(IF(D58="","",D58-INDEX($D:$D,MATCH(A58&"-2010",$I:$I,0))),"") -> 0 | W58: =IFERROR(IF(F58="","",F58-INDEX($F:$F,MATCH(A58&"-2010",$I:$I,0))),"")
A59: AND | B59: Andorra | C59: 2015 | D59: 100 | E59: 19 | H59: 72174 | I59: =Master_Data!$A59 & "-" & Master_Data!$C59 -> AND-2015 | J59: =IF(C59=2010,"",IF(D59="","",IFERROR(D59-INDEX($D:$D,MATCH(A59&"-"&(C59-1),$I:$I,0)),""))) -> 0 | K59: =IF(C59=2010,"",IF(E59="","",IFERROR(E59-INDEX($E:$E,MATCH(A59&"-"&(C59-1),$I:$I,0)),""))) -> -0.4 | L59: =IF(C59=2010,"",IF(F59="","",IFERROR(F59-INDEX($F:$F,MATCH(A59&"-"&(C59-1),$I:$I,0)),"" ))) | M59: =IFERROR(F59*H59,"") -> 0 | N59: =IF(D59="","",100-D59) -> 0 | O59: =IFERROR(F59/G59*1000,"") | P59: =IFERROR(VLOOKUP(A59,Ref_Data!$A:$B,2,0),"Unknown") -> High Income | Q59: =IFERROR(VLOOKUP(A59,Ref_Data!$A:$C,3,0),"Unknown") -> Europe & Central Asia | R59: =IF(D59="","No Data",IF(D59>=95,"Universal Access",IF(D59>=80,"High Access",IF(D59>=50,"Moderate Access",IF(D59>=20,"Low Access","Critical"))))) -> Universal Access | S59: =IF(D59="","",D59-AVERAGEIF($C:$C,C59,$D:$D)) -> 16.984761 | T59: =IF(E59="","",E59-AVERAGEIF($C:$C,C59,$E:$E)) -> -10.915157 | U59: =IF(F59="","",F59-AVERAGEIF($C:$C,C59,$F:$F)) | V59: =IFERROR(IF(D59="","",D59-INDEX($D:$D,MATCH(A59&"-2010",$I:$I,0))),"") -> 0 | W59: =IFERROR(IF(F59="","",F59-INDEX($F:$F,MATCH(A59&"-2010",$I:$I,0))),"")
A60: AND | B60: Andorra | C60: 2016 | D60: 100 | E60: 18.9 | H60: 72181 | I60: =Master_Data!$A60 & "-" & Master_Data!$C60 -> AND-2016 | J60: =IF(C60=2010,"",IF(D60="","",IFERROR(D60-INDEX($D:$D,MATCH(A60&"-"&(C60-1),$I:$I,0)),""))) -> 0 | K60: =IF(C60=2010,"",IF(E60="","",IFERROR(E60-INDEX($E:$E,MATCH(A60&"-"&(C60-1),$I:$I,0)),""))) -> -0.1 | L60: =IF(C60=2010,"",IF(F60="","",IFERROR(F60-INDEX($F:$F,MATCH(A60&"-"&(C60-1),$I:$I,0)),"" ))) | M60: =IFERROR(F60*H60,"") -> 0 | N60: =IF(D60="","",100-D60) -> 0 | O60: =IFERROR(F60/G60*1000,"") | P60: =IFERROR(VLOOKUP(A60,Ref_Data!$A:$B,2,0),"Unknown") -> High Income | Q60: =IFERROR(VLOOKUP(A60,Ref_Data!$A:$C,3,0),"Unknown") -> Europe & Central Asia | R60: =IF(D60="","No Data",IF(D60>=95,"Universal Access",IF(D60>=80,"High Access",IF(D60>=50,"Moderate Access",IF(D60>=20,"Low Access","Critical"))))) -> Universal Access | S60: =IF(D60="","",D60-AVERAGEIF($C:$C,C60,$D:$D)) -> 15.905249 | T60: =IF(E60="","",E60-AVERAGEIF($C:$C,C60,$E:$E)) -> -10.806058 | U60: =IF(F60="","",F60-AVERAGEIF($C:$C,C60,$F:$F)) | V60: =IFERROR(IF(D60="","",D60-INDEX($D:$D,MATCH(A60&"-2010",$I:$I,0))),"") -> 0 | W60: =IFERROR(IF(F60="","",F60-INDEX($F:$F,MATCH(A60&"-2010",$I:$I,0))),"")
A61: AND | B61: Andorra | C61: 2017 | D61: 100 | E61: 18 | H61: 73763 | I61: =Master_Data!$A61 & "-" & Master_Data!$C61 -> AND-2017 | J61: =IF(C61=2010,"",IF(D61="","",IFERROR(D61-INDEX($D:$D,MATCH(A61&"-"&(C61-1),$I:$I,0)),""))) -> 0 | K61: =IF(C61=2010,"",IF(E61="","",IFERROR(E61-INDEX($E:$E,MATCH(A61&"-"&(C61-1),$I:$I,0)),""))) -> -0.9 | L61: =IF(C61=2010,"",IF(F61="","",IFERROR(F61-INDEX($F:$F,MATCH(A61&"-"&(C61-1),$I:$I,0)),"" ))) | M61: =IFERROR(F61*H61,"") -> 0 | N61: =IF(D61="","",100-D61) -> 0 | O61: =IFERROR(F61/G61*1000,"") | P61: =IFERROR(VLOOKUP(A61,Ref_Data!$A:$B,2,0),"Unknown") -> High Income | Q61: =IFERROR(VLOOKUP(A61,Ref_Data!$A:$C,3,0),"Unknown") -> Europe & Central Asia | R61: =IF(D61="","No Data",IF(D61>=95,"Universal Access",IF(D61>=80,"High Access",IF(D61>=50,"Moderate Access",IF(D61>=20,"Low Access","Critical"))))) -> Universal Access | S61: =IF(D61="","",D61-AVERAGEIF($C:$C,C61,$D:$D)) -> 15.146092 | T61: =IF(E61="","",E61-AVERAGEIF($C:$C,C61,$E:$E)) -> -11.541519 | U61: =IF(F61="","",F61-AVERAGEIF($C:$C,C61,$F:$F)) | V61: =IFERROR(IF(D61="","",D61-INDEX($D:$D,MATCH(A61&"-2010",$I:$I,0))),"") -> 0 | W61: =IFERROR(IF(F61="","",F61-INDEX($F:$F,MATCH(A61&"-2010",$I:$I,0))),"")
A62: AND | B62: Andorra | C62: 2018 | D62: 100 | E62: 17.6 | H62: 75162 | I62: =Master_Data!$A62 & "-" & Master_Data!$C62 -> AND-2018 | J62: =IF(C62=2010,"",IF(D62="","",IFERROR(D62-INDEX($D:$D,MATCH(A62&"-"&(C62-1),$I:$I,0)),""))) -> 0 | K62: =IF(C62=2010,"",IF(E62="","",IFERROR(E62-INDEX($E:$E,MATCH(A62&"-"&(C62-1),$I:$I,0)),""))) -> -0.4 | L62: =IF(C62=2010,"",IF(F62="","",IFERROR(F62-INDEX($F:$F,MATCH(A62&"-"&(C62-1),$I:$I,0)),"" ))) | M62: =IFERROR(F62*H62,"") -> 0 | N62: =IF(D62="","",100-D62) -> 0 | O62: =IFERROR(F62/G62*1000,"") | P62: =IFERROR(VLOOKUP(A62,Ref_Data!$A:$B,2,0),"Unknown") -> High Income | Q62: =IFERROR(VLOOKUP(A62,Ref_Data!$A:$C,3,0),"Unknown") -> Europe & Central Asia | R62: =IF(D62="","No Data",IF(D62>=95,"Universal Access",IF(D62>=80,"High Access",IF(D62>=50,"Moderate Access",IF(D62>=20,"Low Access","Critical"))))) -> Universal Access | S62: =IF(D62="","",D62-AVERAGEIF($C:$C,C62,$D:$D)) -> 14.516199 | T62: =IF(E62="","",E62-AVERAGEIF($C:$C,C62,$E:$E)) -> -11.96303 | U62: =IF(F62="","",F62-AVERAGEIF($C:$C,C62,$F:$F)) | V62: =IFERROR(IF(D62="","",D62-INDEX($D:$D,MATCH(A62&"-2010",$I:$I,0))),"") -> 0 | W62: =IFERROR(IF(F62="","",F62-INDEX($F:$F,MATCH(A62&"-2010",$I:$I,0))),"")
A63: AND | B63: Andorra | C63: 2019 | D63: 100 | E63: 17.2 | H63: 76474 | I63: =Master_Data!$A63 & "-" & Master_Data!$C63 -> AND-2019 | J63: =IF(C63=2010,"",IF(D63="","",IFERROR(D63-INDEX($D:$D,MATCH(A63&"-"&(C63-1),$I:$I,0)),""))) -> 0 | K63: =IF(C63=2010,"",IF(E63="","",IFERROR(E63-INDEX($E:$E,MATCH(A63&"-"&(C63-1),$I:$I,0)),""))) -> -0.4 | L63: =IF(C63=2010,"",IF(F63="","",IFERROR(F63-INDEX($F:$F,MATCH(A63&"-"&(C63-1),$I:$I,0)),"" ))) | M63: =IFERROR(F63*H63,"") -> 0 | N63: =IF(D63="","",100-D63) -> 0 | O63: =IFERROR(F63/G63*1000,"") | P63: =IFERROR(VLOOKUP(A63,Ref_Data!$A:$B,2,0),"Unknown") -> High Income | Q63: =IFERROR(VLOOKUP(A63,Ref_Data!$A:$C,3,0),"Unknown") -> Europe & Central Asia | R63: =IF(D63="","No Data",IF(D63>=95,"Universal Access",IF(D63>=80,"High Access",IF(D63>=50,"Moderate Access",IF(D63>=20,"Low Access","Critical"))))) -> Universal Access | S63: =IF(D63="","",D63-AVERAGEIF($C:$C,C63,$D:$D)) -> 13.958623 | T63: =IF(E63="","",E63-AVERAGEIF($C:$C,C63,$E:$E)) -> -12.262191 | U63: =IF(F63="","",F63-AVERAGEIF($C:$C,C63,$F:$F)) | V63: =IFERROR(IF(D63="","",D63-INDEX($D:$D,MATCH(A63&"-2010",$I:$I,0))),"") -> 0 | W63: =IFERROR(IF(F63="","",F63-INDEX($F:$F,MATCH(A63&"-2010",$I:$I,0))),"")
A64: AND | B64: Andorra | C64: 2020 | D64: 100 | E64: 20.9 | H64: 77380 | I64: =Master_Data!$A64 & "-" & Master_Data!$C64 -> AND-2020 | J64: =IF(C64=2010,"",IF(D64="","",IFERROR(D64-INDEX($D:$D,MATCH(A64&"-"&(C64-1),$I:$I,0)),""))) -> 0 | K64: =IF(C64=2010,"",IF(E64="","",IFERROR(E64-INDEX($E:$E,MATCH(A64&"-"&(C64-1),$I:$I,0)),""))) -> 3.7 | L64: =IF(C64=2010,"",IF(F64="","",IFERROR(F64-INDEX($F:$F,MATCH(A64&"-"&(C64-1),$I:$I,0)),"" ))) | M64: =IFERROR(F64*H64,"") -> 0 | N64: =IF(D64="","",100-D64) -> 0 | O64: =IFERROR(F64/G64*1000,"") | P64: =IFERROR(VLOOKUP(A64,Ref_Data!$A:$B,2,0),"Unknown") -> High Income | Q64: =IFERROR(VLOOKUP(A64,Ref_Data!$A:$C,3,0),"Unknown") -> Europe & Central Asia | R64: =IF(D64="","No Data",IF(D64>=95,"Universal Access",IF(D64>=80,"High Access",IF(D64>=50,"Moderate Access",IF(D64>=20,"Low Access","Critical"))))) -> Universal Access | S64: =IF(D64="","",D64-AVERAGEIF($C:$C,C64,$D:$D)) -> 13.426165 | T64: =IF(E64="","",E64-AVERAGEIF($C:$C,C64,$E:$E)) -> -9.6348534 | U64: =IF(F64="","",F64-AVERAGEIF($C:$C,C64,$F:$F)) | V64: =IFERROR(IF(D64="","",D64-INDEX($D:$D,MATCH(A64&"-2010",$I:$I,0))),"") -> 0 | W64: =IFERROR(IF(F64="","",F64-INDEX($F:$F,MATCH(A64&"-2010",$I:$I,0))),"")
A65: AND | B65: Andorra | C65: 2021 | D65: 100 | E65: 18.4 | H65: 78364 | I65: =Master_Data!$A65 & "-" & Master_Data!$C65 -> AND-2021 | J65: =IF(C65=2010,"",IF(D65="","",IFERROR(D65-INDEX($D:$D,MATCH(A65&"-"&(C65-1),$I:$I,0)),""))) -> 0 | K65: =IF(C65=2010,"",IF(E65="","",IFERROR(E65-INDEX($E:$E,MATCH(A65&"-"&(C65-1),$I:$I,0)),""))) -> -2.5 | L65: =IF(C65=2010,"",IF(F65="","",IFERROR(F65-INDEX($F:$F,MATCH(A65&"-"&(C65-1),$I:$I,0)),"" ))) | M65: =IFERROR(F65*H65,"") -> 0 | N65: =IF(D65="","",100-D65) -> 0 | O65: =IFERROR(F65/G65*1000,"") | P65: =IFERROR(VLOOKUP(A65,Ref_Data!$A:$B,2,0),"Unknown") -> High Income | Q65: =IFERROR(VLOOKUP(A65,Ref_Data!$A:$C,3,0),"Unknown") -> Europe & Central Asia | R65: =IF(D65="","No Data",IF(D65>=95,"Universal Access",IF(D65>=80,"High Access",IF(D65>=50,"Moderate Access",IF(D65>=20,"Low Access","Critical"))))) -> Universal Access | S65: =IF(D65="","",D65-AVERAGEIF($C:$C,C65,$D:$D)) -> 12.874831 | T65: =IF(E65="","",E65-AVERAGEIF($C:$C,C65,$E:$E)) -> -11.203382 | U65: =IF(F65="","",F65-AVERAGEIF($C:$C,C65,$F:$F)) | V65: =IFERROR(IF(D65="","",D65-INDEX($D:$D,MATCH(A65&"-2010",$I:$I,0))),"") -> 0 | W65: =IFERROR(IF(F65="","",F65-INDEX($F:$F,MATCH(A65&"-2010",$I:$I,0))),"")
A66: AND | B66: Andorra | C66: 2022 | D66: 100 | E66: 18.7 | H66: 79705 | I66: =Master_Data!$A66 & "-" & Master_Data!$C66 -> AND-2022 | J66: =IF(C66=2010,"",IF(D66="","",IFERROR(D66-INDEX($D:$D,MATCH(A66&"-"&(C66-1),$I:$I,0)),""))) -> 0 | K66: =IF(C66=2010,"",IF(E66="","",IFERROR(E66-INDEX($E:$E,MATCH(A66&"-"&(C66-1),$I:$I,0)),""))) -> 0.3 | L66: =IF(C66=2010,"",IF(F66="","",IFERROR(F66-INDEX($F:$F,MATCH(A66&"-"&(C66-1),$I:$I,0)),"" ))) | M66: =IFERROR(F66*H66,"") -> 0 | N66: =IF(D66="","",100-D66) -> 0 | O66: =IFERROR(F66/G66*1000,"") | P66: =IFERROR(VLOOKUP(A66,Ref_Data!$A:$B,2,0),"Unknown") -> High Income | Q66: =IFERROR(VLOOKUP(A66,Ref_Data!$A:$C,3,0),"Unknown") -> Europe & Central Asia | R66: =IF(D66="","No Data",IF(D66>=95,"Universal Access",IF(D66>=80,"High Access",IF(D66>=50,"Moderate Access",IF(D66>=20,"Low Access","Critical"))))) -> Universal Access | S66: =IF(D66="","",D66-AVERAGEIF($C:$C,C66,$D:$D)) -> 12.585946 | T66: =IF(E66="","",E66-AVERAGEIF($C:$C,C66,$E:$E)) -> -11.721739 | U66: =IF(F66="","",F66-AVERAGEIF($C:$C,C66,$F:$F)) | V66: =IFERROR(IF(D66="","",D66-INDEX($D:$D,MATCH(A66&"-2010",$I:$I,0))),"") -> 0 | W66: =IFERROR(IF(F66="","",F66-INDEX($F:$F,MATCH(A66&"-2010",$I:$I,0))),"")
A67: ARE | B67: United Arab Emirates | C67: 2010 | D67: 100 | E67: 0.1 | F67: 25.030124 | G67: 8944.4335 | H67: 6869838 | I67: =Master_Data!$A67 & "-" & Master_Data!$C67 -> ARE-2010 | J67: =IF(C67=2010,"",IF(D67="","",IFERROR(D67-INDEX($D:$D,MATCH(A67&"-"&(C67-1),$I:$I,0)),""))) | K67: =IF(C67=2010,"",IF(E67="","",IFERROR(E67-INDEX($E:$E,MATCH(A67&"-"&(C67-1),$I:$I,0)),""))) | L67: =IF(C67=2010,"",IF(F67="","",IFERROR(F67-INDEX($F:$F,MATCH(A67&"-"&(C67-1),$I:$I,0)),"" ))) | M67: =IFERROR(F67*H67,"") -> 1.719529e+08 | N67: =IF(D67="","",100-D67) -> 0 | O67: =IFERROR(F67/G67*1000,"") -> 2.7984024 | P67: =IFERROR(VLOOKUP(A67,Ref_Data!$A:$B,2,0),"Unknown") -> High Income | Q67: =IFERROR(VLOOKUP(A67,Ref_Data!$A:$C,3,0),"Unknown") -> Middle East & North Africa | R67: =IF(D67="","No Data",IF(D67>=95,"Universal Access",IF(D67>=80,"High Access",IF(D67>=50,"Moderate Access",IF(D67>=20,"Low Access","Critical"))))) -> Universal Access | S67: =IF(D67="","",D67-AVERAGEIF($C:$C,C67,$D:$D)) -> 20.375343 | T67: =IF(E67="","",E67-AVERAGEIF($C:$C,C67,$E:$E)) -> -30.312665 | U67: =IF(F67="","",F67-AVERAGEIF($C:$C,C67,$F:$F)) -> 19.932065 | V67: =IFERROR(IF(D67="","",D67-INDEX($D:$D,MATCH(A67&"-2010",$I:$I,0))),"") -> 0 | W67: =IFERROR(IF(F67="","",F67-INDEX($F:$F,MATCH(A67&"-2010",$I:$I,0))),"") -> 0
A68: ARE | B68: United Arab Emirates | C68: 2011 | D68: 100 | E68: 0.1 | F68: 24.949856 | G68: 8558.2453 | H68: 7104538 | I68: =Master_Data!$A68 & "-" & Master_Data!$C68 -> ARE-2011 | J68: =IF(C68=2010,"",IF(D68="","",IFERROR(D68-INDEX($D:$D,MATCH(A68&"-"&(C68-1),$I:$I,0)),""))) -> 0 | K68: =IF(C68=2010,"",IF(E68="","",IFERROR(E68-INDEX($E:$E,MATCH(A68&"-"&(C68-1),$I:$I,0)),""))) -> 0 | L68: =IF(C68=2010,"",IF(F68="","",IFERROR(F68-INDEX($F:$F,MATCH(A68&"-"&(C68-1),$I:$I,0)),"" ))) -> -0.08026845 | M68: =IFERROR(F68*H68,"") -> 1.772572e+08 | N68: =IF(D68="","",100-D68) -> 0 | O68: =IFERROR(F68/G68*1000,"") -> 2.9153004 | P68: =IFERROR(VLOOKUP(A68,Ref_Data!$A:$B,2,0),"Unknown") -> High Income | Q68: =IFERROR(VLOOKUP(A68,Ref_Data!$A:$C,3,0),"Unknown") -> Middle East & North Africa | R68: =IF(D68="","No Data",IF(D68>=95,"Universal Access",IF(D68>=80,"High Access",IF(D68>=50,"Moderate Access",IF(D68>=20,"Low Access","Critical"))))) -> Universal Access | S68: =IF(D68="","",D68-AVERAGEIF($C:$C,C68,$D:$D)) -> 19.584673 | T68: =IF(E68="","",E68-AVERAGEIF($C:$C,C68,$E:$E)) -> -30.09737 | U68: =IF(F68="","",F68-AVERAGEIF($C:$C,C68,$F:$F)) -> 19.823323 | V68: =IFERROR(IF(D68="","",D68-INDEX($D:$D,MATCH(A68&"-2010",$I:$I,0))),"") -> 0 | W68: =IFERROR(IF(F68="","",F68-INDEX($F:$F,MATCH(A68&"-2010",$I:$I,0))),"") -> -0.08026845
A69: ARE | B69: United Arab Emirates | C69: 2012 | D69: 100 | E69: 0.1 | F69: 25.030319 | G69: 8614.1688 | H69: 7391448 | I69: =Master_Data!$A69 & "-" & Master_Data!$C69 -> ARE-2012 | J69: =IF(C69=2010,"",IF(D69="","",IFERROR(D69-INDEX($D:$D,MATCH(A69&"-"&(C69-1),$I:$I,0)),""))) -> 0 | K69: =IF(C69=2010,"",IF(E69="","",IFERROR(E69-INDEX($E:$E,MATCH(A69&"-"&(C69-1),$I:$I,0)),""))) -> 0 | L69: =IF(C69=2010,"",IF(F69="","",IFERROR(F69-INDEX($F:$F,MATCH(A69&"-"&(C69-1),$I:$I,0)),"" ))) -> 0.08046283 | M69: =IFERROR(F69*H69,"") -> 1.850103e+08 | N69: =IF(D69="","",100-D69) -> 0 | O69: =IFERROR(F69/G69*1000,"") -> 2.9057149 | P69: =IFERROR(VLOOKUP(A69,Ref_Data!$A:$B,2,0),"Unknown") -> High Income | Q69: =IFERROR(VLOOKUP(A69,Ref_Data!$A:$C,3,0),"Unknown") -> Middle East & North Africa | R69: =IF(D69="","No Data",IF(D69>=95,"Universal Access",IF(D69>=80,"High Access",IF(D69>=50,"Moderate Access",IF(D69>=20,"Low Access","Critical"))))) -> Universal Access | S69: =IF(D69="","",D69-AVERAGEIF($C:$C,C69,$D:$D)) -> 18.879195 | T69: =IF(E69="","",E69-AVERAGEIF($C:$C,C69,$E:$E)) -> -30.007129 | U69: =IF(F69="","",F69-AVERAGEIF($C:$C,C69,$F:$F)) -> 19.624815 | V69: =IFERROR(IF(D69="","",D69-INDEX($D:$D,MATCH(A69&"-2010",$I:$I,0))),"") -> 0 | W69: =IFERROR(IF(F69="","",F69-INDEX($F:$F,MATCH(A69&"-2010",$I:$I,0))),"") -> 0.00019438
A70: ARE | B70: United Arab Emirates | C70: 2013 | D70: 100 | E70: 0.1 | F70: 25.354558 | G70: 8858.2224 | H70: 7693031 | I70: =Master_Data!$A70 & "-" & Master_Data!$C70 -> ARE-2013 | J70: =IF(C70=2010,"",IF(D70="","",IFERROR(D70-INDEX($D:$D,MATCH(A70&"-"&(C70-1),$I:$I,0)),""))) -> 0 | K70: =IF(C70=2010,"",IF(E70="","",IFERROR(E70-INDEX($E:$E,MATCH(A70&"-"&(C70-1),$I:$I,0)),""))) -> 0 | L70: =IF(C70=2010,"",IF(F70="","",IFERROR(F70-INDEX($F:$F,MATCH(A70&"-"&(C70-1),$I:$I,0)),"" ))) -> 0.32423909 | M70: =IFERROR(F70*H70,"") -> 1.950534e+08 | N70: =IF(D70="","",100-D70) -> 0 | O70: =IFERROR(F70/G70*1000,"") -> 2.8622625 | P70: =IFERROR(VLOOKUP(A70,Ref_Data!$A:$B,2,0),"Unknown") -> High Income | Q70: =IFERROR(VLOOKUP(A70,Ref_Data!$A:$C,3,0),"Unknown") -> Middle East & North Africa | R70: =IF(D70="","No Data",IF(D70>=95,"Universal Access",IF(D70>=80,"High Access",IF(D70>=50,"Moderate Access",IF(D70>=20,"Low Access","Critical"))))) -> Universal Access | S70: =IF(D70="","",D70-AVERAGEIF($C:$C,C70,$D:$D)) -> 18.287462 | T70: =IF(E70="","",E70-AVERAGEIF($C:$C,C70,$E:$E)) -> -30.20164 | U70: =IF(F70="","",F70-AVERAGEIF($C:$C,C70,$F:$F)) -> 20.386187 | V70: =IFERROR(IF(D70="","",D70-INDEX($D:$D,MATCH(A70&"-2010",$I:$I,0))),"") -> 0 | W70: =IFERROR(IF(F70="","",F70-INDEX($F:$F,MATCH(A70&"-2010",$I:$I,0))),"") -> 0.32443347
A71: ARE | B71: United Arab Emirates | C71: 2014 | D71: 100 | E71: 0.1 | F71: 24.581584 | G71: 9633.4221 | H71: 8059440 | I71: =Master_Data!$A71 & "-" & Master_Data!$C71 -> ARE-2014 | J71: =IF(C71=2010,"",IF(D71="","",IFERROR(D71-INDEX($D:$D,MATCH(A71&"-"&(C71-1),$I:$I,0)),""))) -> 0 | K71: =IF(C71=2010,"",IF(E71="","",IFERROR(E71-INDEX($E:$E,MATCH(A71&"-"&(C71-1),$I:$I,0)),""))) -> 0 | L71: =IF(C71=2010,"",IF(F71="","",IFERROR(F71-INDEX($F:$F,MATCH(A71&"-"&(C71-1),$I:$I,0)),"" ))) -> -0.77297408 | M71: =IFERROR(F71*H71,"") -> 1.981138e+08 | N71: =IF(D71="","",100-D71) -> 0 | O71: =IFERROR(F71/G71*1000,"") -> 2.551698 | P71: =IFERROR(VLOOKUP(A71,Ref_Data!$A:$B,2,0),"Unknown") -> High Income | Q71: =IFERROR(VLOOKUP(A71,Ref_Data!$A:$C,3,0),"Unknown") -> Middle East & North Africa | R71: =IF(D71="","No Data",IF(D71>=95,"Universal Access",IF(D71>=80,"High Access",IF(D71>=50,"Moderate Access",IF(D71>=20,"Low Access","Critical"))))) -> Universal Access | S71: =IF(D71="","",D71-AVERAGEIF($C:$C,C71,$D:$D)) -> 17.559097 | T71: =IF(E71="","",E71-AVERAGEIF($C:$C,C71,$E:$E)) -> -30.011727 | U71: =IF(F71="","",F71-AVERAGEIF($C:$C,C71,$F:$F)) -> 19.790297 | V71: =IFERROR(IF(D71="","",D71-INDEX($D:$D,MATCH(A71&"-2010",$I:$I,0))),"") -> 0 | W71: =IFERROR(IF(F71="","",F71-INDEX($F:$F,MATCH(A71&"-2010",$I:$I,0))),"") -> -0.44854061
A72: ARE | B72: United Arab Emirates | C72: 2015 | D72: 100 | E72: 0.1 | F72: 24.320533 | G72: 10146.377 | H72: 8505237 | I72: =Master_Data!$A72 & "-" & Master_Data!$C72 -> ARE-2015 | J72: =IF(C72=2010,"",IF(D72="","",IFERROR(D72-INDEX($D:$D,MATCH(A72&"-"&(C72-1),$I:$I,0)),""))) -> 0 | K72: =IF(C72=2010,"",IF(E72="","",IFERROR(E72-INDEX($E:$E,MATCH(A72&"-"&(C72-1),$I:$I,0)),""))) -> 0 | L72: =IF(C72=2010,"",IF(F72="","",IFERROR(F72-INDEX($F:$F,MATCH(A72&"-"&(C72-1),$I:$I,0)),"" ))) -> -0.26105049 | M72: =IFERROR(F72*H72,"") -> 2.068519e+08 | N72: =IF(D72="","",100-D72) -> 0 | O72: =IFERROR(F72/G72*1000,"") -> 2.3969673 | P72: =IFERROR(VLOOKUP(A72,Ref_Data!$A:$B,2,0),"Unknown") -> High Income | Q72: =IFERROR(VLOOKUP(A72,Ref_Data!$A:$C,3,0),"Unknown") -> Middle East & North Africa | R72: =IF(D72="","No Data",IF(D72>=95,"Universal Access",IF(D72>=80,"High Access",IF(D72>=50,"Moderate Access",IF(D72>=20,"Low Access","Critical"))))) -> Universal Access | S72: =IF(D72="","",D72-AVERAGEIF($C:$C,C72,$D:$D)) -> 16.984761 | T72: =IF(E72="","",E72-AVERAGEIF($C:$C,C72,$E:$E)) -> -29.815157 | U72: =IF(F72="","",F72-AVERAGEIF($C:$C,C72,$F:$F)) -> 19.611092 | V72: =IFERROR(IF(D72="","",D72-INDEX($D:$D,MATCH(A72&"-2010",$I:$I,0))),"") -> 0 | W72: =IFERROR(IF(F72="","",F72-INDEX($F:$F,MATCH(A72&"-2010",$I:$I,0))),"") -> -0.7095911
A73: ARE | B73: United Arab Emirates | C73: 2016 | D73: 100 | E73: 0.1 | F73: 23.774845 | G73: 10355.548 | H73: 8935095 | I73: =Master_Data!$A73 & "-" & Master_Data!$C73 -> ARE-2016 | J73: =IF(C73=2010,"",IF(D73="","",IFERROR(D73-INDEX($D:$D,MATCH(A73&"-"&(C73-1),$I:$I,0)),""))) -> 0 | K73: =IF(C73=2010,"",IF(E73="","",IFERROR(E73-INDEX($E:$E,MATCH(A73&"-"&(C73-1),$I:$I,0)),""))) -> 0 | L73: =IF(C73=2010,"",IF(F73="","",IFERROR(F73-INDEX($F:$F,MATCH(A73&"-"&(C73-1),$I:$I,0)),"" ))) -> -0.54568819 | M73: =IFERROR(F73*H73,"") -> 2.124305e+08 | N73: =IF(D73="","",100-D73) -> 0 | O73: =IFERROR(F73/G73*1000,"") -> 2.2958559 | P73: =IFERROR(VLOOKUP(A73,Ref_Data!$A:$B,2,0),"Unknown") -> High Income | Q73: =IFERROR(VLOOKUP(A73,Ref_Data!$A:$C,3,0),"Unknown") -> Middle East & North Africa | R73: =IF(D73="","No Data",IF(D73>=95,"Universal Access",IF(D73>=80,"High Access",IF(D73>=50,"Moderate Access",IF(D73>=20,"Low Access","Critical"))))) -> Universal Access | S73: =IF(D73="","",D73-AVERAGEIF($C:$C,C73,$D:$D)) -> 15.905249 | T73: =IF(E73="","",E73-AVERAGEIF($C:$C,C73,$E:$E)) -> -29.606058 | U73: =IF(F73="","",F73-AVERAGEIF($C:$C,C73,$F:$F)) -> 19.100473 | V73: =IFERROR(IF(D73="","",D73-INDEX($D:$D,MATCH(A73&"-2010",$I:$I,0))),"") -> 0 | W73: =IFERROR(IF(F73="","",F73-INDEX($F:$F,MATCH(A73&"-2010",$I:$I,0))),"") -> -1.2552793
A74: ARE | B74: United Arab Emirates | C74: 2017 | D74: 100 | E74: 0.2 | F74: 22.163907 | G74: 8521.1368 | H74: 9223225 | I74: =Master_Data!$A74 & "-" & Master_Data!$C74 -> ARE-2017 | J74: =IF(C74=2010,"",IF(D74="","",IFERROR(D74-INDEX($D:$D,MATCH(A74&"-"&(C74-1),$I:$I,0)),""))) -> 0 | K74: =IF(C74=2010,"",IF(E74="","",IFERROR(E74-INDEX($E:$E,MATCH(A74&"-"&(C74-1),$I:$I,0)),""))) -> 0.1 | L74: =IF(C74=2010,"",IF(F74="","",IFERROR(F74-INDEX($F:$F,MATCH(A74&"-"&(C74-1),$I:$I,0)),"" ))) -> -1.6109383 | M74: =IFERROR(F74*H74,"") -> 2.044227e+08 | N74: =IF(D74="","",100-D74) -> 0 | O74: =IFERROR(F74/G74*1000,"") -> 2.6010505 | P74: =IFERROR(VLOOKUP(A74,Ref_Data!$A:$B,2,0),"Unknown") -> High Income | Q74: =IFERROR(VLOOKUP(A74,Ref_Data!$A:$C,3,0),"Unknown") -> Middle East & North Africa | R74: =IF(D74="","No Data",IF(D74>=95,"Universal Access",IF(D74>=80,"High Access",IF(D74>=50,"Moderate Access",IF(D74>=20,"Low Access","Critical"))))) -> Universal Access | S74: =IF(D74="","",D74-AVERAGEIF($C:$C,C74,$D:$D)) -> 15.146092 | T74: =IF(E74="","",E74-AVERAGEIF($C:$C,C74,$E:$E)) -> -29.341519 | U74: =IF(F74="","",F74-AVERAGEIF($C:$C,C74,$F:$F)) -> 17.486156 | V74: =IFERROR(IF(D74="","",D74-INDEX($D:$D,MATCH(A74&"-2010",$I:$I,0))),"") -> 0 | W74: =IFERROR(IF(F74="","",F74-INDEX($F:$F,MATCH(A74&"-2010",$I:$I,0))),"") -> -2.8662176
A75: ARE | B75: United Arab Emirates | C75: 2018 | D75: 100 | E75: 0.3 | F75: 20.037583 | G75: 8482.3032 | H75: 9346701 | I75: =Master_Data!$A75 & "-" & Master_Data!$C75 -> ARE-2018 | J75: =IF(C75=2010,"",IF(D75="","",IFERROR(D75-INDEX($D:$D,MATCH(A75&"-"&(C75-1),$I:$I,0)),""))) -> 0 | K75: =IF(C75=2010,"",IF(E75="","",IFERROR(E75-INDEX($E:$E,MATCH(A75&"-"&(C75-1),$I:$I,0)),""))) -> 0.1 | L75: =IF(C75=2010,"",IF(F75="","",IFERROR(F75-INDEX($F:$F,MATCH(A75&"-"&(C75-1),$I:$I,0)),"" ))) -> -2.1263236 | M75: =IFERROR(F75*H75,"") -> 1.872853e+08 | N75: =IF(D75="","",100-D75) -> 0 | O75: =IFERROR(F75/G75*1000,"") -> 2.362281 | P75: =IFERROR(VLOOKUP(A75,Ref_Data!$A:$B,2,0),"Unknown") -> High Income | Q75: =IFERROR(VLOOKUP(A75,Ref_Data!$A:$C,3,0),"Unknown") -> Middle East & North Africa | R75: =IF(D75="","No Data",IF(D75>=95,"Universal Access",IF(D75>=80,"High Access",IF(D75>=50,"Moderate Access",IF(D75>=20,"Low Access","Critical"))))) -> Universal Access | S75: =IF(D75="","",D75-AVERAGEIF($C:$C,C75,$D:$D)) -> 14.516199 | T75: =IF(E75="","",E75-AVERAGEIF($C:$C,C75,$E:$E)) -> -29.26303 | U75: =IF(F75="","",F75-AVERAGEIF($C:$C,C75,$F:$F)) -> 15.326714 | V75: =IFERROR(IF(D75="","",D75-INDEX($D:$D,MATCH(A75&"-2010",$I:$I,0))),"") -> 0 | W75: =IFERROR(IF(F75="","",F75-INDEX($F:$F,MATCH(A75&"-2010",$I:$I,0))),"") -> -4.9925411
A76: ARE | B76: United Arab Emirates | C76: 2019 | D76: 100 | E76: 0.7 | F76: 20.945787 | G76: 8816.5094 | H76: 9445785 | I76: =Master_Data!$A76 & "-" & Master_Data!$C76 -> ARE-2019 | J76: =IF(C76=2010,"",IF(D76="","",IFERROR(D76-INDEX($D:$D,MATCH(A76&"-"&(C76-1),$I:$I,0)),""))) -> 0 | K76: =IF(C76=2010,"",IF(E76="","",IFERROR(E76-INDEX($E:$E,MATCH(A76&"-"&(C76-1),$I:$I,0)),""))) -> 0.4 | L76: =IF(C76=2010,"",IF(F76="","",IFERROR(F76-INDEX($F:$F,MATCH(A76&"-"&(C76-1),$I:$I,0)),"" ))) -> 0.90820362 | M76: =IFERROR(F76*H76,"") -> 1.978494e+08 | N76: =IF(D76="","",100-D76) -> 0 | O76: =IFERROR(F76/G76*1000,"") -> 2.375746 | P76: =IFERROR(VLOOKUP(A76,Ref_Data!$A:$B,2,0),"Unknown") -> High Income | Q76: =IFERROR(VLOOKUP(A76,Ref_Data!$A:$C,3,0),"Unknown") -> Middle East & North Africa | R76: =IF(D76="","No Data",IF(D76>=95,"Universal Access",IF(D76>=80,"High Access",IF(D76>=50,"Moderate Access",IF(D76>=20,"Low Access","Critical"))))) -> Universal Access | S76: =IF(D76="","",D76-AVERAGEIF($C:$C,C76,$D:$D)) -> 13.958623 | T76: =IF(E76="","",E76-AVERAGEIF($C:$C,C76,$E:$E)) -> -28.762191 | U76: =IF(F76="","",F76-AVERAGEIF($C:$C,C76,$F:$F)) -> 16.262386 | V76: =IFERROR(IF(D76="","",D76-INDEX($D:$D,MATCH(A76&"-2010",$I:$I,0))),"") -> 0 | W76: =IFERROR(IF(F76="","",F76-INDEX($F:$F,MATCH(A76&"-2010",$I:$I,0))),"") -> -4.0843375
A77: ARE | B77: United Arab Emirates | C77: 2020 | D77: 100 | E77: 0.9 | F77: 20.814106 | G77: 8154.3529 | H77: 9401038 | I77: =Master_Data!$A77 & "-" & Master_Data!$C77 -> ARE-2020 | J77: =IF(C77=2010,"",IF(D77="","",IFERROR(D77-INDEX($D:$D,MATCH(A77&"-"&(C77-1),$I:$I,0)),""))) -> 0 | K77: =IF(C77=2010,"",IF(E77="","",IFERROR(E77-INDEX($E:$E,MATCH(A77&"-"&(C77-1),$I:$I,0)),""))) -> 0.2 | L77: =IF(C77=2010,"",IF(F77="","",IFERROR(F77-INDEX($F:$F,MATCH(A77&"-"&(C77-1),$I:$I,0)),"" ))) -> -0.13168108 | M77: =IFERROR(F77*H77,"") -> 1.956742e+08 | N77: =IF(D77="","",100-D77) -> 0 | O77: =IFERROR(F77/G77*1000,"") -> 2.5525147 | P77: =IFERROR(VLOOKUP(A77,Ref_Data!$A:$B,2,0),"Unknown") -> High Income | Q77: =IFERROR(VLOOKUP(A77,Ref_Data!$A:$C,3,0),"Unknown") -> Middle East & North Africa | R77: =IF(D77="","No Data",IF(D77>=95,"Universal Access",IF(D77>=80,"High Access",IF(D77>=50,"Moderate Access",IF(D77>=20,"Low Access","Critical"))))) -> Universal Access | S77: =IF(D77="","",D77-AVERAGEIF($C:$C,C77,$D:$D)) -> 13.426165 | T77: =IF(E77="","",E77-AVERAGEIF($C:$C,C77,$E:$E)) -> -29.634853 | U77: =IF(F77="","",F77-AVERAGEIF($C:$C,C77,$F:$F)) -> 16.413358 | V77: =IFERROR(IF(D77="","",D77-INDEX($D:$D,MATCH(A77&"-2010",$I:$I,0))),"") -> 0 | W77: =IFERROR(IF(F77="","",F77-INDEX($F:$F,MATCH(A77&"-2010",$I:$I,0))),"") -> -4.2160186
A78: ARE | B78: United Arab Emirates | C78: 2021 | D78: 100 | E78: 1 | F78: 20.826928 | G78: 8674.2264 | H78: 9575152 | I78: =Master_Data!$A78 & "-" & Master_Data!$C78 -> ARE-2021 | J78: =IF(C78=2010,"",IF(D78="","",IFERROR(D78-INDEX($D:$D,MATCH(A78&"-"&(C78-1),$I:$I,0)),""))) -> 0 | K78: =IF(C78=2010,"",IF(E78="","",IFERROR(E78-INDEX($E:$E,MATCH(A78&"-"&(C78-1),$I:$I,0)),""))) -> 0.1 | L78: =IF(C78=2010,"",IF(F78="","",IFERROR(F78-INDEX($F:$F,MATCH(A78&"-"&(C78-1),$I:$I,0)),"" ))) -> 0.01282201 | M78: =IFERROR(F78*H78,"") -> 1.99421e+08 | N78: =IF(D78="","",100-D78) -> 0 | O78: =IFERROR(F78/G78*1000,"") -> 2.4010127 | P78: =IFERROR(VLOOKUP(A78,Ref_Data!$A:$B,2,0),"Unknown") -> High Income | Q78: =IFERROR(VLOOKUP(A78,Ref_Data!$A:$C,3,0),"Unknown") -> Middle East & North Africa | R78: =IF(D78="","No Data",IF(D78>=95,"Universal Access",IF(D78>=80,"High Access",IF(D78>=50,"Moderate Access",IF(D78>=20,"Low Access","Critical"))))) -> Universal Access | S78: =IF(D78="","",D78-AVERAGEIF($C:$C,C78,$D:$D)) -> 12.874831 | T78: =IF(E78="","",E78-AVERAGEIF($C:$C,C78,$E:$E)) -> -28.603382 | U78: =IF(F78="","",F78-AVERAGEIF($C:$C,C78,$F:$F)) -> 16.246194 | V78: =IFERROR(IF(D78="","",D78-INDEX($D:$D,MATCH(A78&"-2010",$I:$I,0))),"") -> 0 | W78: =IFERROR(IF(F78="","",F78-INDEX($F:$F,MATCH(A78&"-2010",$I:$I,0))),"") -> -4.2031966
A79: ARE | B79: United Arab Emirates | C79: 2022 | D79: 100 | F79: 19.373146 | G79: 8335.8096 | H79: 10074977 | I79: =Master_Data!$A79 & "-" & Master_Data!$C79 -> ARE-2022 | J79: =IF(C79=2010,"",IF(D79="","",IFERROR(D79-INDEX($D:$D,MATCH(A79&"-"&(C79-1),$I:$I,0)),""))) -> 0 | K79: =IF(C79=2010,"",IF(E79="","",IFERROR(E79-INDEX($E:$E,MATCH(A79&"-"&(C79-1),$I:$I,0)),""))) | L79: =IF(C79=2010,"",IF(F79="","",IFERROR(F79-INDEX($F:$F,MATCH(A79&"-"&(C79-1),$I:$I,0)),"" ))) -> -1.4537819 | M79: =IFERROR(F79*H79,"") -> 1.95184e+08 | N79: =IF(D79="","",100-D79) -> 0 | O79: =IFERROR(F79/G79*1000,"") -> 2.3240869 | P79: =IFERROR(VLOOKUP(A79,Ref_Data!$A:$B,2,0),"Unknown") -> High Income | Q79: =IFERROR(VLOOKUP(A79,Ref_Data!$A:$C,3,0),"Unknown") -> Middle East & North Africa | R79: =IF(D79="","No Data",IF(D79>=95,"Universal Access",IF(D79>=80,"High Access",IF(D79>=50,"Moderate Access",IF(D79>=20,"Low Access","Critical"))))) -> Universal Access | S79: =IF(D79="","",D79-AVERAGEIF($C:$C,C79,$D:$D)) -> 12.585946 | T79: =IF(E79="","",E79-AVERAGEIF($C:$C,C79,$E:$E)) | U79: =IF(F79="","",F79-AVERAGEIF($C:$C,C79,$F:$F)) -> 14.822345 | V79: =IFERROR(IF(D79="","",D79-INDEX($D:$D,MATCH(A79&"-2010",$I:$I,0))),"") -> 0 | W79: =IFERROR(IF(F79="","",F79-INDEX($F:$F,MATCH(A79&"-2010",$I:$I,0))),"") -> -5.6569785
A80: ARG | B80: Argentina | C80: 2010 | D80: 98.8 | E80: 8.8 | F80: 4.2945461 | G80: 1826.0511 | H80: 41288694 | I80: =Master_Data!$A80 & "-" & Master_Data!$C80 -> ARG-2010 | J80: =IF(C80=2010,"",IF(D80="","",IFERROR(D80-INDEX($D:$D,MATCH(A80&"-"&(C80-1),$I:$I,0)),""))) | K80: =IF(C80=2010,"",IF(E80="","",IFERROR(E80-INDEX($E:$E,MATCH(A80&"-"&(C80-1),$I:$I,0)),""))) | L80: =IF(C80=2010,"",IF(F80="","",IFERROR(F80-INDEX($F:$F,MATCH(A80&"-"&(C80-1),$I:$I,0)),"" ))) | M80: =IFERROR(F80*H80,"") -> 1.773162e+08 | N80: =IF(D80="","",100-D80) -> 1.2 | O80: =IFERROR(F80/G80*1000,"") -> 2.3518214 | P80: =IFERROR(VLOOKUP(A80,Ref_Data!$A:$B,2,0),"Unknown") -> Upper Middle Income | Q80: =IFERROR(VLOOKUP(A80,Ref_Data!$A:$C,3,0),"Unknown") -> Latin America & Caribbean | R80: =IF(D80="","No Data",IF(D80>=95,"Universal Access",IF(D80>=80,"High Access",IF(D80>=50,"Moderate Access",IF(D80>=20,"Low Access","Critical"))))) -> Universal Access | S80: =IF(D80="","",D80-AVERAGEIF($C:$C,C80,$D:$D)) -> 19.175343 | T80: =IF(E80="","",E80-AVERAGEIF($C:$C,C80,$E:$E)) -> -21.612665 | U80: =IF(F80="","",F80-AVERAGEIF($C:$C,C80,$F:$F)) -> -0.80351311 | V80: =IFERROR(IF(D80="","",D80-INDEX($D:$D,MATCH(A80&"-2010",$I:$I,0))),"") -> 0 | W80: =IFERROR(IF(F80="","",F80-INDEX($F:$F,MATCH(A80&"-2010",$I:$I,0))),"") -> 0
A81: ARG | B81: Argentina | C81: 2011 | D81: 99 | E81: 8.8 | F81: 4.4292182 | G81: 1865.2574 | H81: 41730660 | I81: =Master_Data!$A81 & "-" & Master_Data!$C81 -> ARG-2011 | J81: =IF(C81=2010,"",IF(D81="","",IFERROR(D81-INDEX($D:$D,MATCH(A81&"-"&(C81-1),$I:$I,0)),""))) -> 0.2 | K81: =IF(C81=2010,"",IF(E81="","",IFERROR(E81-INDEX($E:$E,MATCH(A81&"-"&(C81-1),$I:$I,0)),""))) -> 0 | L81: =IF(C81=2010,"",IF(F81="","",IFERROR(F81-INDEX($F:$F,MATCH(A81&"-"&(C81-1),$I:$I,0)),"" ))) -> 0.13467212 | M81: =IFERROR(F81*H81,"") -> 1.848342e+08 | N81: =IF(D81="","",100-D81) -> 1 | O81: =IFERROR(F81/G81*1000,"") -> 2.3745883 | P81: =IFERROR(VLOOKUP(A81,Ref_Data!$A:$B,2,0),"Unknown") -> Upper Middle Income | Q81: =IFERROR(VLOOKUP(A81,Ref_Data!$A:$C,3,0),"Unknown") -> Latin America & Caribbean | R81: =IF(D81="","No Data",IF(D81>=95,"Universal Access",IF(D81>=80,"High Access",IF(D81>=50,"Moderate Access",IF(D81>=20,"Low Access","Critical"))))) -> Universal Access | S81: =IF(D81="","",D81-AVERAGEIF($C:$C,C81,$D:$D)) -> 18.584673 | T81: =IF(E81="","",E81-AVERAGEIF($C:$C,C81,$E:$E)) -> -21.39737 | U81: =IF(F81="","",F81-AVERAGEIF($C:$C,C81,$F:$F)) -> -0.69731515 | V81: =IFERROR(IF(D81="","",D81-INDEX($D:$D,MATCH(A81&"-2010",$I:$I,0))),"") -> 0.2 | W81: =IFERROR(IF(F81="","",F81-INDEX($F:$F,MATCH(A81&"-2010",$I:$I,0))),"") -> 0.13467212
A82: ARG | B82: Argentina | C82: 2012 | D82: 99.1 | E82: 8.6 | F82: 4.4788613 | G82: 1897.6098 | H82: 42161721 | I82: =Master_Data!$A82 & "-" & Master_Data!$C82 -> ARG-2012 | J82: =IF(C82=2010,"",IF(D82="","",IFERROR(D82-INDEX($D:$D,MATCH(A82&"-"&(C82-1),$I:$I,0)),""))) -> 0.1 | K82: =IF(C82=2010,"",IF(E82="","",IFERROR(E82-INDEX($E:$E,MATCH(A82&"-"&(C82-1),$I:$I,0)),""))) -> -0.2 | L82: =IF(C82=2010,"",IF(F82="","",IFERROR(F82-INDEX($F:$F,MATCH(A82&"-"&(C82-1),$I:$I,0)),"" ))) -> 0.049643058 | M82: =IFERROR(F82*H82,"") -> 1.888365e+08 | N82: =IF(D82="","",100-D82) -> 0.9 | O82: =IFERROR(F82/G82*1000,"") -> 2.3602646 | P82: =IFERROR(VLOOKUP(A82,Ref_Data!$A:$B,2,0),"Unknown") -> Upper Middle Income | Q82: =IFERROR(VLOOKUP(A82,Ref_Data!$A:$C,3,0),"Unknown") -> Latin America & Caribbean | R82: =IF(D82="","No Data",IF(D82>=95,"Universal Access",IF(D82>=80,"High Access",IF(D82>=50,"Moderate Access",IF(D82>=20,"Low Access","Critical"))))) -> Universal Access | S82: =IF(D82="","",D82-AVERAGEIF($C:$C,C82,$D:$D)) -> 17.979195 | T82: =IF(E82="","",E82-AVERAGEIF($C:$C,C82,$E:$E)) -> -21.507129 | U82: =IF(F82="","",F82-AVERAGEIF($C:$C,C82,$F:$F)) -> -0.92664278 | V82: =IFERROR(IF(D82="","",D82-INDEX($D:$D,MATCH(A82&"-2010",$I:$I,0))),"") -> 0.3 | W82: =IFERROR(IF(F82="","",F82-INDEX($F:$F,MATCH(A82&"-2010",$I:$I,0))),"") -> 0.18431518
A83: ARG | B83: Argentina | C83: 2013 | D83: 99.3 | E83: 8.9 | F83: 4.5365867 | G83: 1928.5492 | H83: 42582455 | I83: =Master_Data!$A83 & "-" & Master_Data!$C83 -> ARG-2013 | J83: =IF(C83=2010,"",IF(D83="","",IFERROR(D83-INDEX($D:$D,MATCH(A83&"-"&(C83-1),$I:$I,0)),""))) -> 0.2 | K83: =IF(C83=2010,"",IF(E83="","",IFERROR(E83-INDEX($E:$E,MATCH(A83&"-"&(C83-1),$I:$I,0)),""))) -> 0.3 | L83: =IF(C83=2010,"",IF(F83="","",IFERROR(F83-INDEX($F:$F,MATCH(A83&"-"&(C83-1),$I:$I,0)),"" ))) -> 0.057725436 | M83: =IFERROR(F83*H83,"") -> 1.93179e+08 | N83: =IF(D83="","",100-D83) -> 0.7 | O83: =IFERROR(F83/G83*1000,"") -> 2.3523313 | P83: =IFERROR(VLOOKUP(A83,Ref_Data!$A:$B,2,0),"Unknown") -> Upper Middle Income | Q83: =IFERROR(VLOOKUP(A83,Ref_Data!$A:$C,3,0),"Unknown") -> Latin America & Caribbean | R83: =IF(D83="","No Data",IF(D83>=95,"Universal Access",IF(D83>=80,"High Access",IF(D83>=50,"Moderate Access",IF(D83>=20,"Low Access","Critical"))))) -> Universal Access | S83: =IF(D83="","",D83-AVERAGEIF($C:$C,C83,$D:$D)) -> 17.587462 | T83: =IF(E83="","",E83-AVERAGEIF($C:$C,C83,$E:$E)) -> -21.40164 | U83: =IF(F83="","",F83-AVERAGEIF($C:$C,C83,$F:$F)) -> -0.43178372 | V83: =IFERROR(IF(D83="","",D83-INDEX($D:$D,MATCH(A83&"-2010",$I:$I,0))),"") -> 0.5 | W83: =IFERROR(IF(F83="","",F83-INDEX($F:$F,MATCH(A83&"-2010",$I:$I,0))),"") -> 0.24204062
A84: ARG | B84: Argentina | C84: 2014 | D84: 100 | E84: 9.8 | F84: 4.4167462 | G84: 1911.6173 | H84: 43024071 | I84: =Master_Data!$A84 & "-" & Master_Data!$C84 -> ARG-2014 | J84: =IF(C84=2010,"",IF(D84="","",IFERROR(D84-INDEX($D:$D,MATCH(A84&"-"&(C84-1),$I:$I,0)),""))) -> 0.7 | K84: =IF(C84=2010,"",IF(E84="","",IFERROR(E84-INDEX($E:$E,MATCH(A84&"-"&(C84-1),$I:$I,0)),""))) -> 0.9 | L84: =IF(C84=2010,"",IF(F84="","",IFERROR(F84-INDEX($F:$F,MATCH(A84&"-"&(C84-1),$I:$I,0)),"" ))) -> -0.11984057 | M84: =IFERROR(F84*H84,"") -> 1.900264e+08 | N84: =IF(D84="","",100-D84) -> 0 | O84: =IFERROR(F84/G84*1000,"") -> 2.3104762 | P84: =IFERROR(VLOOKUP(A84,Ref_Data!$A:$B,2,0),"Unknown") -> Upper Middle Income | Q84: =IFERROR(VLOOKUP(A84,Ref_Data!$A:$C,3,0),"Unknown") -> Latin America & Caribbean | R84: =IF(D84="","No Data",IF(D84>=95,"Universal Access",IF(D84>=80,"High Access",IF(D84>=50,"Moderate Access",IF(D84>=20,"Low Access","Critical"))))) -> Universal Access | S84: =IF(D84="","",D84-AVERAGEIF($C:$C,C84,$D:$D)) -> 17.559097 | T84: =IF(E84="","",E84-AVERAGEIF($C:$C,C84,$E:$E)) -> -20.311727 | U84: =IF(F84="","",F84-AVERAGEIF($C:$C,C84,$F:$F)) -> -0.37454075 | V84: =IFERROR(IF(D84="","",D84-INDEX($D:$D,MATCH(A84&"-2010",$I:$I,0))),"") -> 1.2 | W84: =IFERROR(IF(F84="","",F84-INDEX($F:$F,MATCH(A84&"-2010",$I:$I,0))),"") -> 0.12220005
A85: ARG | B85: Argentina | C85: 2015 | D85: 99.7 | E85: 9.4 | F85: 4.512587 | G85: 1919.7586 | H85: 43477012 | I85: =Master_Data!$A85 & "-" & Master_Data!$C85 -> ARG-2015 | J85: =IF(C85=2010,"",IF(D85="","",IFERROR(D85-INDEX($D:$D,MATCH(A85&"-"&(C85-1),$I:$I,0)),""))) -> -0.3 | K85: =IF(C85=2010,"",IF(E85="","",IFERROR(E85-INDEX($E:$E,MATCH(A85&"-"&(C85-1),$I:$I,0)),""))) -> -0.4 | L85: =IF(C85=2010,"",IF(F85="","",IFERROR(F85-INDEX($F:$F,MATCH(A85&"-"&(C85-1),$I:$I,0)),"" ))) -> 0.095840869 | M85: =IFERROR(F85*H85,"") -> 1.961938e+08 | N85: =IF(D85="","",100-D85) -> 0.3 | O85: =IFERROR(F85/G85*1000,"") -> 2.3506013 | P85: =IFERROR(VLOOKUP(A85,Ref_Data!$A:$B,2,0),"Unknown") -> Upper Middle Income | Q85: =IFERROR(VLOOKUP(A85,Ref_Data!$A:$C,3,0),"Unknown") -> Latin America & Caribbean | R85: =IF(D85="","No Data",IF(D85>=95,"Universal Access",IF(D85>=80,"High Access",IF(D85>=50,"Moderate Access",IF(D85>=20,"Low Access","Critical"))))) -> Universal Access | S85: =IF(D85="","",D85-AVERAGEIF($C:$C,C85,$D:$D)) -> 16.684761 | T85: =IF(E85="","",E85-AVERAGEIF($C:$C,C85,$E:$E)) -> -20.515157 | U85: =IF(F85="","",F85-AVERAGEIF($C:$C,C85,$F:$F)) -> -0.19685435 | V85: =IFERROR(IF(D85="","",D85-INDEX($D:$D,MATCH(A85&"-2010",$I:$I,0))),"") -> 0.9 | W85: =IFERROR(IF(F85="","",F85-INDEX($F:$F,MATCH(A85&"-2010",$I:$I,0))),"") -> 0.21804091
A86: ARG | B86: Argentina | C86: 2016 | D86: 99.9 | E86: 9.4 | F86: 4.422301 | G86: 1889.8702 | H86: 43900313 | I86: =Master_Data!$A86 & "-" & Master_Data!$C86 -> ARG-2016 | J86: =IF(C86=2010,"",IF(D86="","",IFERROR(D86-INDEX($D:$D,MATCH(A86&"-"&(C86-1),$I:$I,0)),""))) -> 0.2 | K86: =IF(C86=2010,"",IF(E86="","",IFERROR(E86-INDEX($E:$E,MATCH(A86&"-"&(C86-1),$I:$I,0)),""))) -> 0 | L86: =IF(C86=2010,"",IF(F86="","",IFERROR(F86-INDEX($F:$F,MATCH(A86&"-"&(C86-1),$I:$I,0)),"" ))) -> -0.090285976 | M86: =IFERROR(F86*H86,"") -> 1.941404e+08 | N86: =IF(D86="","",100-D86) -> 0.1 | O86: =IFERROR(F86/G86*1000,"") -> 2.3400025 | P86: =IFERROR(VLOOKUP(A86,Ref_Data!$A:$B,2,0),"Unknown") -> Upper Middle Income | Q86: =IFERROR(VLOOKUP(A86,Ref_Data!$A:$C,3,0),"Unknown") -> Latin America & Caribbean | R86: =IF(D86="","No Data",IF(D86>=95,"Universal Access",IF(D86>=80,"High Access",IF(D86>=50,"Moderate Access",IF(D86>=20,"Low Access","Critical"))))) -> Universal Access | S86: =IF(D86="","",D86-AVERAGEIF($C:$C,C86,$D:$D)) -> 15.805249 | T86: =IF(E86="","",E86-AVERAGEIF($C:$C,C86,$E:$E)) -> -20.306058 | U86: =IF(F86="","",F86-AVERAGEIF($C:$C,C86,$F:$F)) -> -0.25207075 | V86: =IFERROR(IF(D86="","",D86-INDEX($D:$D,MATCH(A86&"-2010",$I:$I,0))),"") -> 1.1 | W86: =IFERROR(IF(F86="","",F86-INDEX($F:$F,MATCH(A86&"-2010",$I:$I,0))),"") -> 0.12775494
A87: ARG | B87: Argentina | C87: 2017 | D87: 100 | E87: 10.4 | F87: 4.3210291 | G87: 1874.8296 | H87: 44288894 | I87: =Master_Data!$A87 & "-" & Master_Data!$C87 -> ARG-2017 | J87: =IF(C87=2010,"",IF(D87="","",IFERROR(D87-INDEX($D:$D,MATCH(A87&"-"&(C87-1),$I:$I,0)),""))) -> 0.1 | K87: =IF(C87=2010,"",IF(E87="","",IFERROR(E87-INDEX($E:$E,MATCH(A87&"-"&(C87-1),$I:$I,0)),""))) -> 1 | L87: =IF(C87=2010,"",IF(F87="","",IFERROR(F87-INDEX($F:$F,MATCH(A87&"-"&(C87-1),$I:$I,0)),"" ))) -> -0.10127194 | M87: =IFERROR(F87*H87,"") -> 1.913736e+08 | N87: =IF(D87="","",100-D87) -> 0 | O87: =IFERROR(F87/G87*1000,"") -> 2.3047583 | P87: =IFERROR(VLOOKUP(A87,Ref_Data!$A:$B,2,0),"Unknown") -> Upper Middle Income | Q87: =IFERROR(VLOOKUP(A87,Ref_Data!$A:$C,3,0),"Unknown") -> Latin America & Caribbean | R87: =IF(D87="","No Data",IF(D87>=95,"Universal Access",IF(D87>=80,"High Access",IF(D87>=50,"Moderate Access",IF(D87>=20,"Low Access","Critical"))))) -> Universal Access | S87: =IF(D87="","",D87-AVERAGEIF($C:$C,C87,$D:$D)) -> 15.146092 | T87: =IF(E87="","",E87-AVERAGEIF($C:$C,C87,$E:$E)) -> -19.141519 | U87: =IF(F87="","",F87-AVERAGEIF($C:$C,C87,$F:$F)) -> -0.35672196 | V87: =IFERROR(IF(D87="","",D87-INDEX($D:$D,MATCH(A87&"-2010",$I:$I,0))),"") -> 1.2 | W87: =IFERROR(IF(F87="","",F87-INDEX($F:$F,MATCH(A87&"-2010",$I:$I,0))),"") -> 0.026483
A88: ARG | B88: Argentina | C88: 2018 | D88: 100 | E88: 10.5 | F88: 4.2507581 | G88: 1806.7762 | H88: 44654882 | I88: =Master_Data!$A88 & "-" & Master_Data!$C88 -> ARG-2018 | J88: =IF(C88=2010,"",IF(D88="","",IFERROR(D88-INDEX($D:$D,MATCH(A88&"-"&(C88-1),$I:$I,0)),""))) -> 0 | K88: =IF(C88=2010,"",IF(E88="","",IFERROR(E88-INDEX($E:$E,MATCH(A88&"-"&(C88-1),$I:$I,0)),""))) -> 0.1 | L88: =IF(C88=2010,"",IF(F88="","",IFERROR(F88-INDEX($F:$F,MATCH(A88&"-"&(C88-1),$I:$I,0)),"" ))) -> -0.070271036 | M88: =IFERROR(F88*H88,"") -> 1.898171e+08 | N88: =IF(D88="","",100-D88) -> 0 | O88: =IFERROR(F88/G88*1000,"") -> 2.3526754 | P88: =IFERROR(VLOOKUP(A88,Ref_Data!$A:$B,2,0),"Unknown") -> Upper Middle Income | Q88: =IFERROR(VLOOKUP(A88,Ref_Data!$A:$C,3,0),"Unknown") -> Latin America & Caribbean | R88: =IF(D88="","No Data",IF(D88>=95,"Universal Access",IF(D88>=80,"High Access",IF(D88>=50,"Moderate Access",IF(D88>=20,"Low Access","Critical"))))) -> Universal Access | S88: =IF(D88="","",D88-AVERAGEIF($C:$C,C88,$D:$D)) -> 14.516199 | T88: =IF(E88="","",E88-AVERAGEIF($C:$C,C88,$E:$E)) -> -19.06303 | U88: =IF(F88="","",F88-AVERAGEIF($C:$C,C88,$F:$F)) -> -0.46011094 | V88: =IFERROR(IF(D88="","",D88-INDEX($D:$D,MATCH(A88&"-2010",$I:$I,0))),"") -> 1.2 | W88: =IFERROR(IF(F88="","",F88-INDEX($F:$F,MATCH(A88&"-2010",$I:$I,0))),"") -> -0.043788036
A89: ARG | B89: Argentina | C89: 2019 | D89: 100 | E89: 10.7 | F89: 4.0750407 | G89: 1777.4151 | H89: 44973465 | I89: =Master_Data!$A89 & "-" & Master_Data!$C89 -> ARG-2019 | J89: =IF(C89=2010,"",IF(D89="","",IFERROR(D89-INDEX($D:$D,MATCH(A89&"-"&(C89-1),$I:$I,0)),""))) -> 0 | K89: =IF(C89=2010,"",IF(E89="","",IFERROR(E89-INDEX($E:$E,MATCH(A89&"-"&(C89-1),$I:$I,0)),""))) -> 0.2 | L89: =IF(C89=2010,"",IF(F89="","",IFERROR(F89-INDEX($F:$F,MATCH(A89&"-"&(C89-1),$I:$I,0)),"" ))) -> -0.17571738 | M89: =IFERROR(F89*H89,"") -> 1.832687e+08 | N89: =IF(D89="","",100-D89) -> 0 | O89: =IFERROR(F89/G89*1000,"") -> 2.2926781 | P89: =IFERROR(VLOOKUP(A89,Ref_Data!$A:$B,2,0),"Unknown") -> Upper Middle Income | Q89: =IFERROR(VLOOKUP(A89,Ref_Data!$A:$C,3,0),"Unknown") -> Latin America & Caribbean | R89: =IF(D89="","No Data",IF(D89>=95,"Universal Access",IF(D89>=80,"High Access",IF(D89>=50,"Moderate Access",IF(D89>=20,"Low Access","Critical"))))) -> Universal Access | S89: =IF(D89="","",D89-AVERAGEIF($C:$C,C89,$D:$D)) -> 13.958623 | T89: =IF(E89="","",E89-AVERAGEIF($C:$C,C89,$E:$E)) -> -18.762191 | U89: =IF(F89="","",F89-AVERAGEIF($C:$C,C89,$F:$F)) -> -0.6083606 | V89: =IFERROR(IF(D89="","",D89-INDEX($D:$D,MATCH(A89&"-2010",$I:$I,0))),"") -> 1.2 | W89: =IFERROR(IF(F89="","",F89-INDEX($F:$F,MATCH(A89&"-2010",$I:$I,0))),"") -> -0.21950541
A90: ARG | B90: Argentina | C90: 2020 | D90: 100 | E90: 9.8 | F90: 3.7200285 | G90: 1623.9245 | H90: 45191965 | I90: =Master_Data!$A90 & "-" & Master_Data!$C90 -> ARG-2020 | J90: =IF(C90=2010,"",IF(D90="","",IFERROR(D90-INDEX($D:$D,MATCH(A90&"-"&(C90-1),$I:$I,0)),""))) -> 0 | K90: =IF(C90=2010,"",IF(E90="","",IFERROR(E90-INDEX($E:$E,MATCH(A90&"-"&(C90-1),$I:$I,0)),""))) -> -0.9 | L90: =IF(C90=2010,"",IF(F90="","",IFERROR(F90-INDEX($F:$F,MATCH(A90&"-"&(C90-1),$I:$I,0)),"" ))) -> -0.35501214 | M90: =IFERROR(F90*H90,"") -> 1.681154e+08 | N90: =IF(D90="","",100-D90) -> 0 | O90: =IFERROR(F90/G90*1000,"") -> 2.2907645 | P90: =IFERROR(VLOOKUP(A90,Ref_Data!$A:$B,2,0),"Unknown") -> Upper Middle Income | Q90: =IFERROR(VLOOKUP(A90,Ref_Data!$A:$C,3,0),"Unknown") -> Latin America & Caribbean | R90: =IF(D90="","No Data",IF(D90>=95,"Universal Access",IF(D90>=80,"High Access",IF(D90>=50,"Moderate Access",IF(D90>=20,"Low Access","Critical"))))) -> Universal Access | S90: =IF(D90="","",D90-AVERAGEIF($C:$C,C90,$D:$D)) -> 13.426165 | T90: =IF(E90="","",E90-AVERAGEIF($C:$C,C90,$E:$E)) -> -20.734853 | U90: =IF(F90="","",F90-AVERAGEIF($C:$C,C90,$F:$F)) -> -0.68071909 | V90: =IFERROR(IF(D90="","",D90-INDEX($D:$D,MATCH(A90&"-2010",$I:$I,0))),"") -> 1.2 | W90: =IFERROR(IF(F90="","",F90-INDEX($F:$F,MATCH(A90&"-2010",$I:$I,0))),"") -> -0.57451756
A91: ARG | B91: Argentina | C91: 2021 | D91: 100 | E91: 9.2 | F91: 4.097697 | G91: 1741.5138 | H91: 45312281 | I91: =Master_Data!$A91 & "-" & Master_Data!$C91 -> ARG-2021 | J91: =IF(C91=2010,"",IF(D91="","",IFERROR(D91-INDEX($D:$D,MATCH(A91&"-"&(C91-1),$I:$I,0)),""))) -> 0 | K91: =IF(C91=2010,"",IF(E91="","",IFERROR(E91-INDEX($E:$E,MATCH(A91&"-"&(C91-1),$I:$I,0)),""))) -> -0.6 | L91: =IF(C91=2010,"",IF(F91="","",IFERROR(F91-INDEX($F:$F,MATCH(A91&"-"&(C91-1),$I:$I,0)),"" ))) -> 0.3776685 | M91: =IFERROR(F91*H91,"") -> 1.85676e+08 | N91: =IF(D91="","",100-D91) -> 0 | O91: =IFERROR(F91/G91*1000,"") -> 2.3529513 | P91: =IFERROR(VLOOKUP(A91,Ref_Data!$A:$B,2,0),"Unknown") -> Upper Middle Income | Q91: =IFERROR(VLOOKUP(A91,Ref_Data!$A:$C,3,0),"Unknown") -> Latin America & Caribbean | R91: =IF(D91="","No Data",IF(D91>=95,"Universal Access",IF(D91>=80,"High Access",IF(D91>=50,"Moderate Access",IF(D91>=20,"Low Access","Critical"))))) -> Universal Access | S91: =IF(D91="","",D91-AVERAGEIF($C:$C,C91,$D:$D)) -> 12.874831 | T91: =IF(E91="","",E91-AVERAGEIF($C:$C,C91,$E:$E)) -> -20.403382 | U91: =IF(F91="","",F91-AVERAGEIF($C:$C,C91,$F:$F)) -> -0.4830373 | V91: =IFERROR(IF(D91="","",D91-INDEX($D:$D,MATCH(A91&"-2010",$I:$I,0))),"") -> 1.2 | W91: =IFERROR(IF(F91="","",F91-INDEX($F:$F,MATCH(A91&"-2010",$I:$I,0))),"") -> -0.19684906
A92: ARG | B92: Argentina | C92: 2022 | D92: 100 | F92: 4.2953117 | G92: 1808.7602 | H92: 45407904 | I92: =Master_Data!$A92 & "-" & Master_Data!$C92 -> ARG-2022 | J92: =IF(C92=2010,"",IF(D92="","",IFERROR(D92-INDEX($D:$D,MATCH(A92&"-"&(C92-1),$I:$I,0)),""))) -> 0 | K92: =IF(C92=2010,"",IF(E92="","",IFERROR(E92-INDEX($E:$E,MATCH(A92&"-"&(C92-1),$I:$I,0)),""))) | L92: =IF(C92=2010,"",IF(F92="","",IFERROR(F92-INDEX($F:$F,MATCH(A92&"-"&(C92-1),$I:$I,0)),"" ))) -> 0.19761462 | M92: =IFERROR(F92*H92,"") -> 1.950411e+08 | N92: =IF(D92="","",100-D92) -> 0 | O92: =IFERROR(F92/G92*1000,"") -> 2.374727 | P92: =IFERROR(VLOOKUP(A92,Ref_Data!$A:$B,2,0),"Unknown") -> Upper Middle Income | Q92: =IFERROR(VLOOKUP(A92,Ref_Data!$A:$C,3,0),"Unknown") -> Latin America & Caribbean | R92: =IF(D92="","No Data",IF(D92>=95,"Universal Access",IF(D92>=80,"High Access",IF(D92>=50,"Moderate Access",IF(D92>=20,"Low Access","Critical"))))) -> Universal Access | S92: =IF(D92="","",D92-AVERAGEIF($C:$C,C92,$D:$D)) -> 12.585946 | T92: =IF(E92="","",E92-AVERAGEIF($C:$C,C92,$E:$E)) | U92: =IF(F92="","",F92-AVERAGEIF($C:$C,C92,$F:$F)) -> -0.25548938 | V92: =IFERROR(IF(D92="","",D92-INDEX($D:$D,MATCH(A92&"-2010",$I:$I,0))),"") -> 1.2 | W92: =IFERROR(IF(F92="","",F92-INDEX($F:$F,MATCH(A92&"-2010",$I:$I,0))),"") -> 0.000765566
A93: ARM | B93: Armenia | C93: 2010 | D93: 99.8 | E93: 9.4 | F93: 1.4119482 | G93: 815.62799 | H93: 3044800 | I93: =Master_Data!$A93 & "-" & Master_Data!$C93 -> ARM-2010 | J93: =IF(C93=2010,"",IF(D93="","",IFERROR(D93-INDEX($D:$D,MATCH(A93&"-"&(C93-1),$I:$I,0)),""))) | K93: =IF(C93=2010,"",IF(E93="","",IFERROR(E93-INDEX($E:$E,MATCH(A93&"-"&(C93-1),$I:$I,0)),""))) | L93: =IF(C93=2010,"",IF(F93="","",IFERROR(F93-INDEX($F:$F,MATCH(A93&"-"&(C93-1),$I:$I,0)),"" ))) | M93: =IFERROR(F93*H93,"") -> 4299100 | N93: =IF(D93="","",100-D93) -> 0.2 | O93: =IFERROR(F93/G93*1000,"") -> 1.7311179 | P93: =IFERROR(VLOOKUP(A93,Ref_Data!$A:$B,2,0),"Unknown") -> Upper Middle Income | Q93: =IFERROR(VLOOKUP(A93,Ref_Data!$A:$C,3,0),"Unknown") -> Europe & Central Asia | R93: =IF(D93="","No Data",IF(D93>=95,"Universal Access",IF(D93>=80,"High Access",IF(D93>=50,"Moderate Access",IF(D93>=20,"Low Access","Critical"))))) -> Universal Access | S93: =IF(D93="","",D93-AVERAGEIF($C:$C,C93,$D:$D)) -> 20.175343 | T93: =IF(E93="","",E93-AVERAGEIF($C:$C,C93,$E:$E)) -> -21.012665 | U93: =IF(F93="","",F93-AVERAGEIF($C:$C,C93,$F:$F)) -> -3.686111 | V93: =IFERROR(IF(D93="","",D93-INDEX($D:$D,MATCH(A93&"-2010",$I:$I,0))),"") -> 0 | W93: =IFERROR(IF(F93="","",F93-INDEX($F:$F,MATCH(A93&"-2010",$I:$I,0))),"") -> 0
A94: ARM | B94: Armenia | C94: 2011 | D94: 99.5 | E94: 8 | F94: 1.6196374 | G94: 896.94802 | H94: 3027900 | I94: =Master_Data!$A94 & "-" & Master_Data!$C94 -> ARM-2011 | J94: =IF(C94=2010,"",IF(D94="","",IFERROR(D94-INDEX($D:$D,MATCH(A94&"-"&(C94-1),$I:$I,0)),""))) -> -0.3 | K94: =IF(C94=2010,"",IF(E94="","",IFERROR(E94-INDEX($E:$E,MATCH(A94&"-"&(C94-1),$I:$I,0)),""))) -> -1.4 | L94: =IF(C94=2010,"",IF(F94="","",IFERROR(F94-INDEX($F:$F,MATCH(A94&"-"&(C94-1),$I:$I,0)),"" ))) -> 0.20768913 | M94: =IFERROR(F94*H94,"") -> 4904100 | N94: =IF(D94="","",100-D94) -> 0.5 | O94: =IFERROR(F94/G94*1000,"") -> 1.8057204 | P94: =IFERROR(VLOOKUP(A94,Ref_Data!$A:$B,2,0),"Unknown") -> Upper Middle Income | Q94: =IFERROR(VLOOKUP(A94,Ref_Data!$A:$C,3,0),"Unknown") -> Europe & Central Asia | R94: =IF(D94="","No Data",IF(D94>=95,"Universal Access",IF(D94>=80,"High Access",IF(D94>=50,"Moderate Access",IF(D94>=20,"Low Access","Critical"))))) -> Universal Access | S94: =IF(D94="","",D94-AVERAGEIF($C:$C,C94,$D:$D)) -> 19.084673 | T94: =IF(E94="","",E94-AVERAGEIF($C:$C,C94,$E:$E)) -> -22.19737 | U94: =IF(F94="","",F94-AVERAGEIF($C:$C,C94,$F:$F)) -> -3.506896 | V94: =IFERROR(IF(D94="","",D94-INDEX($D:$D,MATCH(A94&"-2010",$I:$I,0))),"") -> -0.3 | W94: =IFERROR(IF(F94="","",F94-INDEX($F:$F,MATCH(A94&"-2010",$I:$I,0))),"") -> 0.20768913
A95: ARM | B95: Armenia | C95: 2012 | D95: 99.5 | E95: 6.6 | F95: 1.8748057 | G95: 982.44242 | H95: 3024100 | I95: =Master_Data!$A95 & "-" & Master_Data!$C95 -> ARM-2012 | J95: =IF(C95=2010,"",IF(D95="","",IFERROR(D95-INDEX($D:$D,MATCH(A95&"-"&(C95-1),$I:$I,0)),""))) -> 0 | K95: =IF(C95=2010,"",IF(E95="","",IFERROR(E95-INDEX($E:$E,MATCH(A95&"-"&(C95-1),$I:$I,0)),""))) -> -1.4 | L95: =IF(C95=2010,"",IF(F95="","",IFERROR(F95-INDEX($F:$F,MATCH(A95&"-"&(C95-1),$I:$I,0)),"" ))) -> 0.25516836 | M95: =IFERROR(F95*H95,"") -> 5669600 | N95: =IF(D95="","",100-D95) -> 0.5 | O95: =IFERROR(F95/G95*1000,"") -> 1.9083111 | P95: =IFERROR(VLOOKUP(A95,Ref_Data!$A:$B,2,0),"Unknown") -> Upper Middle Income | Q95: =IFERROR(VLOOKUP(A95,Ref_Data!$A:$C,3,0),"Unknown") -> Europe & Central Asia | R95: =IF(D95="","No Data",IF(D95>=95,"Universal Access",IF(D95>=80,"High Access",IF(D95>=50,"Moderate Access",IF(D95>=20,"Low Access","Critical"))))) -> Universal Access | S95: =IF(D95="","",D95-AVERAGEIF($C:$C,C95,$D:$D)) -> 18.379195 | T95: =IF(E95="","",E95-AVERAGEIF($C:$C,C95,$E:$E)) -> -23.507129 | U95: =IF(F95="","",F95-AVERAGEIF($C:$C,C95,$F:$F)) -> -3.5306983 | V95: =IFERROR(IF(D95="","",D95-INDEX($D:$D,MATCH(A95&"-2010",$I:$I,0))),"") -> -0.3 | W95: =IFERROR(IF(F95="","",F95-INDEX($F:$F,MATCH(A95&"-2010",$I:$I,0))),"") -> 0.46285749
A96: ARM | B96: Armenia | C96: 2013 | D96: 99.4 | E96: 6.8 | F96: 1.8176373 | G96: 959.80168 | H96: 3022000 | I96: =Master_Data!$A96 & "-" & Master_Data!$C96 -> ARM-2013 | J96: =IF(C96=2010,"",IF(D96="","",IFERROR(D96-INDEX($D:$D,MATCH(A96&"-"&(C96-1),$I:$I,0)),""))) -> -0.1 | K96: =IF(C96=2010,"",IF(E96="","",IFERROR(E96-INDEX($E:$E,MATCH(A96&"-"&(C96-1),$I:$I,0)),""))) -> 0.2 | L96: =IF(C96=2010,"",IF(F96="","",IFERROR(F96-INDEX($F:$F,MATCH(A96&"-"&(C96-1),$I:$I,0)),"" ))) -> -0.057168401 | M96: =IFERROR(F96*H96,"") -> 5492900 | N96: =IF(D96="","",100-D96) -> 0.6 | O96: =IFERROR(F96/G96*1000,"") -> 1.8937634 | P96: =IFERROR(VLOOKUP(A96,Ref_Data!$A:$B,2,0),"Unknown") -> Upper Middle Income | Q96: =IFERROR(VLOOKUP(A96,Ref_Data!$A:$C,3,0),"Unknown") -> Europe & Central Asia | R96: =IF(D96="","No Data",IF(D96>=95,"Universal Access",IF(D96>=80,"High Access",IF(D96>=50,"Moderate Access",IF(D96>=20,"Low Access","Critical"))))) -> Universal Access | S96: =IF(D96="","",D96-AVERAGEIF($C:$C,C96,$D:$D)) -> 17.687462 | T96: =IF(E96="","",E96-AVERAGEIF($C:$C,C96,$E:$E)) -> -23.50164 | U96: =IF(F96="","",F96-AVERAGEIF($C:$C,C96,$F:$F)) -> -3.1507331 | V96: =IFERROR(IF(D96="","",D96-INDEX($D:$D,MATCH(A96&"-2010",$I:$I,0))),"") -> -0.4 | W96: =IFERROR(IF(F96="","",F96-INDEX($F:$F,MATCH(A96&"-2010",$I:$I,0))),"") -> 0.40568909
A97: ARM | B97: Armenia | C97: 2014 | D97: 99.7 | E97: 7.1 | F97: 1.9114407 | G97: 1045.9751 | H97: 3013800 | I97: =Master_Data!$A97 & "-" & Master_Data!$C97 -> ARM-2014 | J97: =IF(C97=2010,"",IF(D97="","",IFERROR(D97-INDEX($D:$D,MATCH(A97&"-"&(C97-1),$I:$I,0)),""))) -> 0.3 | K97: =IF(C97=2010,"",IF(E97="","",IFERROR(E97-INDEX($E:$E,MATCH(A97&"-"&(C97-1),$I:$I,0)),""))) -> 0.3 | L97: =IF(C97=2010,"",IF(F97="","",IFERROR(F97-INDEX($F:$F,MATCH(A97&"-"&(C97-1),$I:$I,0)),"" ))) -> 0.09380338 | M97: =IFERROR(F97*H97,"") -> 5760700 | N97: =IF(D97="","",100-D97) -> 0.3 | O97: =IFERROR(F97/G97*1000,"") -> 1.8274246 | P97: =IFERROR(VLOOKUP(A97,Ref_Data!$A:$B,2,0),"Unknown") -> Upper Middle Income | Q97: =IFERROR(VLOOKUP(A97,Ref_Data!$A:$C,3,0),"Unknown") -> Europe & Central Asia | R97: =IF(D97="","No Data",IF(D97>=95,"Universal Access",IF(D97>=80,"High Access",IF(D97>=50,"Moderate Access",IF(D97>=20,"Low Access","Critical"))))) -> Universal Access | S97: =IF(D97="","",D97-AVERAGEIF($C:$C,C97,$D:$D)) -> 17.259097 | T97: =IF(E97="","",E97-AVERAGEIF($C:$C,C97,$E:$E)) -> -23.011727 | U97: =IF(F97="","",F97-AVERAGEIF($C:$C,C97,$F:$F)) -> -2.8798462 | V97: =IFERROR(IF(D97="","",D97-INDEX($D:$D,MATCH(A97&"-2010",$I:$I,0))),"") -> -0.1 | W97: =IFERROR(IF(F97="","",F97-INDEX($F:$F,MATCH(A97&"-2010",$I:$I,0))),"") -> 0.49949247
A98: ARM | B98: Armenia | C98: 2015 | D98: 100 | E98: 10.7 | F98: 1.8695334 | G98: 1084.5206 | H98: 3004600 | I98: =Master_Data!$A98 & "-" & Master_Data!$C98 -> ARM-2015 | J98: =IF(C98=2010,"",IF(D98="","",IFERROR(D98-INDEX($D:$D,MATCH(A98&"-"&(C98-1),$I:$I,0)),""))) -> 0.3 | K98: =IF(C98=2010,"",IF(E98="","",IFERROR(E98-INDEX($E:$E,MATCH(A98&"-"&(C98-1),$I:$I,0)),""))) -> 3.6 | L98: =IF(C98=2010,"",IF(F98="","",IFERROR(F98-INDEX($F:$F,MATCH(A98&"-"&(C98-1),$I:$I,0)),"" ))) -> -0.041907324 | M98: =IFERROR(F98*H98,"") -> 5617200 | N98: =IF(D98="","",100-D98) -> 0 | O98: =IFERROR(F98/G98*1000,"") -> 1.7238339 | P98: =IFERROR(VLOOKUP(A98,Ref_Data!$A:$B,2,0),"Unknown") -> Upper Middle Income | Q98: =IFERROR(VLOOKUP(A98,Ref_Data!$A:$C,3,0),"Unknown") -> Europe & Central Asia | R98: =IF(D98="","No Data",IF(D98>=95,"Universal Access",IF(D98>=80,"High Access",IF(D98>=50,"Moderate Access",IF(D98>=20,"Low Access","Critical"))))) -> Universal Access | S98: =IF(D98="","",D98-AVERAGEIF($C:$C,C98,$D:$D)) -> 16.984761 | T98: =IF(E98="","",E98-AVERAGEIF($C:$C,C98,$E:$E)) -> -19.215157 | U98: =IF(F98="","",F98-AVERAGEIF($C:$C,C98,$F:$F)) -> -2.839908 | V98: =IFERROR(IF(D98="","",D98-INDEX($D:$D,MATCH(A98&"-2010",$I:$I,0))),"") -> 0.2 | W98: =IFERROR(IF(F98="","",F98-INDEX($F:$F,MATCH(A98&"-2010",$I:$I,0))),"") -> 0.45758514
A99: ARM | B99: Armenia | C99: 2016 | D99: 99.8 | E99: 13.2 | F99: 1.7962437 | G99: 1043.098 | H99: 2992300 | I99: =Master_Data!$A99 & "-" & Master_Data!$C99 -> ARM-2016 | J99: =IF(C99=2010,"",IF(D99="","",IFERROR(D99-INDEX($D:$D,MATCH(A99&"-"&(C99-1),$I:$I,0)),""))) -> -0.2 | K99: =IF(C99=2010,"",IF(E99="","",IFERROR(E99-INDEX($E:$E,MATCH(A99&"-"&(C99-1),$I:$I,0)),""))) -> 2.5 | L99: =IF(C99=2010,"",IF(F99="","",IFERROR(F99-INDEX($F:$F,MATCH(A99&"-"&(C99-1),$I:$I,0)),"" ))) -> -0.07328969 | M99: =IFERROR(F99*H99,"") -> 5374900 | N99: =IF(D99="","",100-D99) -> 0.2 | O99: =IFERROR(F99/G99*1000,"") -> 1.7220278 | P99: =IFERROR(VLOOKUP(A99,Ref_Data!$A:$B,2,0),"Unknown") -> Upper Middle Income | Q99: =IFERROR(VLOOKUP(A99,Ref_Data!$A:$C,3,0),"Unknown") -> Europe & Central Asia | R99: =IF(D99="","No Data",IF(D99>=95,"Universal Access",IF(D99>=80,"High Access",IF(D99>=50,"Moderate Access",IF(D99>=20,"Low Access","Critical"))))) -> Universal Access | S99: =IF(D99="","",D99-AVERAGEIF($C:$C,C99,$D:$D)) -> 15.705249 | T99: =IF(E99="","",E99-AVERAGEIF($C:$C,C99,$E:$E)) -> -16.506058 | U99: =IF(F99="","",F99-AVERAGEIF($C:$C,C99,$F:$F)) -> -2.8781281 | V99: =IFERROR(IF(D99="","",D99-INDEX($D:$D,MATCH(A99&"-2010",$I:$I,0))),"") -> 0 | W99: =IFERROR(IF(F99="","",F99-INDEX($F:$F,MATCH(A99&"-2010",$I:$I,0))),"") -> 0.38429545
A100: ARM | B100: Armenia | C100: 2017 | D100: 99.7 | E100: 12.6 | F100: 1.909512 | G100: 1105.967 | H100: 2979400 | I100: =Master_Data!$A100 & "-" & Master_Data!$C100 -> ARM-2017 | J100: =IF(C100=2010,"",IF(D100="","",IFERROR(D100-INDEX($D:$D,MATCH(A100&"-"&(C100-1),$I:$I,0)),""))) -> -0.1 | K100: =IF(C100=2010,"",IF(E100="","",IFERROR(E100-INDEX($E:$E,MATCH(A100&"-"&(C100-1),$I:$I,0)),""))) -> -0.6 | L100: =IF(C100=2010,"",IF(F100="","",IFERROR(F100-INDEX($F:$F,MATCH(A100&"-"&(C100-1),$I:$I,0)),"" ))) -> 0.11326829 | M100: =IFERROR(F100*H100,"") -> 5689200 | N100: =IF(D100="","",100-D100) -> 0.3 | O100: =IFERROR(F100/G100*1000,"") -> 1.7265543 | P100: =IFERROR(VLOOKUP(A100,Ref_Data!$A:$B,2,0),"Unknown") -> Upper Middle Income | Q100: =IFERROR(VLOOKUP(A100,Ref_Data!$A:$C,3,0),"Unknown") -> Europe & Central Asia | R100: =IF(D100="","No Data",IF(D100>=95,"Universal Access",IF(D100>=80,"High Access",IF(D100>=50,"Moderate Access",IF(D100>=20,"Low Access","Critical"))))) -> Universal Access | S100: =IF(D100="","",D100-AVERAGEIF($C:$C,C100,$D:$D)) -> 14.846092 | T100: =IF(E100="","",E100-AVERAGEIF($C:$C,C100,$E:$E)) -> -16.941519 | U100: =IF(F100="","",F100-AVERAGEIF($C:$C,C100,$F:$F)) -> -2.7682391 | V100: =IFERROR(IF(D100="","",D100-INDEX($D:$D,MATCH(A100&"-2010",$I:$I,0))),"") -> -0.1 | W100: =IFERROR(IF(F100="","",F100-INDEX($F:$F,MATCH(A100&"-2010",$I:$I,0))),"") -> 0.49756374
A101: ARM | B101: Armenia | C101: 2018 | D101: 99.9 | E101: 11.1 | F101: 2.0045807 | G101: 1072.3368 | H101: 2969000 | I101: =Master_Data!$A101 & "-" & Master_Data!$C101 -> ARM-2018 | J101: =IF(C101=2010,"",IF(D101="","",IFERROR(D101-INDEX($D:$D,MATCH(A101&"-"&(C101-1),$I:$I,0)),""))) -> 0.2 | K101: =IF(C101=2010,"",IF(E101="","",IFERROR(E101-INDEX($E:$E,MATCH(A101&"-"&(C101-1),$I:$I,0)),""))) -> -1.5 | L101: =IF(C101=2010,"",IF(F101="","",IFERROR(F101-INDEX($F:$F,MATCH(A101&"-"&(C101-1),$I:$I,0)),"" ))) -> 0.095068685 | M101: =IFERROR(F101*H101,"") -> 5951600 | N101: =IF(D101="","",100-D101) -> 0.1 | O101: =IFERROR(F101/G101*1000,"") -> 1.8693573 | P101: =IFERROR(VLOOKUP(A101,Ref_Data!$A:$B,2,0),"Unknown") -> Upper Middle Income | Q101: =IFERROR(VLOOKUP(A101,Ref_Data!$A:$C,3,0),"Unknown") -> Europe & Central Asia | R101: =IF(D101="","No Data",IF(D101>=95,"Universal Access",IF(D101>=80,"High Access",IF(D101>=50,"Moderate Access",IF(D101>=20,"Low Access","Critical"))))) -> Universal Access | S101: =IF(D101="","",D101-AVERAGEIF($C:$C,C101,$D:$D)) -> 14.416199 | T101: =IF(E101="","",E101-AVERAGEIF($C:$C,C101,$E:$E)) -> -18.46303 | U101: =IF(F101="","",F101-AVERAGEIF($C:$C,C101,$F:$F)) -> -2.7062883 | V101: =IFERROR(IF(D101="","",D101-INDEX($D:$D,MATCH(A101&"-2010",$I:$I,0))),"") -> 0.1 | W101: =IFERROR(IF(F101="","",F101-INDEX($F:$F,MATCH(A101&"-2010",$I:$I,0))),"") -> 0.59263243
A102: ARM | B102: Armenia | C102: 2019 | D102: 100 | E102: 10.3 | F102: 2.1686751 | G102: 1163.0928 | H102: 2962500 | I102: =Master_Data!$A102 & "-" & Master_Data!$C102 -> ARM-2019 | J102: =IF(C102=2010,"",IF(D102="","",IFERROR(D102-INDEX($D:$D,MATCH(A102&"-"&(C102-1),$I:$I,0)),""))) -> 0.1 | K102: =IF(C102=2010,"",IF(E102="","",IFERROR(E102-INDEX($E:$E,MATCH(A102&"-"&(C102-1),$I:$I,0)),""))) -> -0.8 | L102: =IF(C102=2010,"",IF(F102="","",IFERROR(F102-INDEX($F:$F,MATCH(A102&"-"&(C102-1),$I:$I,0)),"" ))) -> 0.16409444 | M102: =IFERROR(F102*H102,"") -> 6424700 | N102: =IF(D102="","",100-D102) -> 0 | O102: =IFERROR(F102/G102*1000,"") -> 1.8645761 | P102: =IFERROR(VLOOKUP(A102,Ref_Data!$A:$B,2,0),"Unknown") -> Upper Middle Income | Q102: =IFERROR(VLOOKUP(A102,Ref_Data!$A:$C,3,0),"Unknown") -> Europe & Central Asia | R102: =IF(D102="","No Data",IF(D102>=95,"Universal Access",IF(D102>=80,"High Access",IF(D102>=50,"Moderate Access",IF(D102>=20,"Low Access","Critical"))))) -> Universal Access | S102: =IF(D102="","",D102-AVERAGEIF($C:$C,C102,$D:$D)) -> 13.958623 | T102: =IF(E102="","",E102-AVERAGEIF($C:$C,C102,$E:$E)) -> -19.162191 | U102: =IF(F102="","",F102-AVERAGEIF($C:$C,C102,$F:$F)) -> -2.5147262 | V102: =IFERROR(IF(D102="","",D102-INDEX($D:$D,MATCH(A102&"-2010",$I:$I,0))),"") -> 0.2 | W102: =IFERROR(IF(F102="","",F102-INDEX($F:$F,MATCH(A102&"-2010",$I:$I,0))),"") -> 0.75672687
A103: ARM | B103: Armenia | C103: 2020 | D103: 100 | E103: 8.4 | F103: 2.3347966 | G103: 1233.3046 | H103: 2961500 | I103: =Master_Data!$A103 & "-" & Master_Data!$C103 -> ARM-2020 | J103: =IF(C103=2010,"",IF(D103="","",IFERROR(D103-INDEX($D:$D,MATCH(A103&"-"&(C103-1),$I:$I,0)),""))) -> 0 | K103: =IF(C103=2010,"",IF(E103="","",IFERROR(E103-INDEX($E:$E,MATCH(A103&"-"&(C103-1),$I:$I,0)),""))) -> -1.9 | L103: =IF(C103=2010,"",IF(F103="","",IFERROR(F103-INDEX($F:$F,MATCH(A103&"-"&(C103-1),$I:$I,0)),"" ))) -> 0.16612145 | M103: =IFERROR(F103*H103,"") -> 6914500 | N103: =IF(D103="","",100-D103) -> 0 | O103: =IFERROR(F103/G103*1000,"") -> 1.8931225 | P103: =IFERROR(VLOOKUP(A103,Ref_Data!$A:$B,2,0),"Unknown") -> Upper Middle Income | Q103: =IFERROR(VLOOKUP(A103,Ref_Data!$A:$C,3,0),"Unknown") -> Europe & Central Asia | R103: =IF(D103="","No Data",IF(D103>=95,"Universal Access",IF(D103>=80,"High Access",IF(D103>=50,"Moderate Access",IF(D103>=20,"Low Access","Critical"))))) -> Universal Access | S103: =IF(D103="","",D103-AVERAGEIF($C:$C,C103,$D:$D)) -> 13.426165 | T103: =IF(E103="","",E103-AVERAGEIF($C:$C,C103,$E:$E)) -> -22.134853 | U103: =IF(F103="","",F103-AVERAGEIF($C:$C,C103,$F:$F)) -> -2.0659511 | V103: =IFERROR(IF(D103="","",D103-INDEX($D:$D,MATCH(A103&"-2010",$I:$I,0))),"") -> 0.2 | W103: =IFERROR(IF(F103="","",F103-INDEX($F:$F,MATCH(A103&"-2010",$I:$I,0))),"") -> 0.92284832
A104: ARM | B104: Armenia | C104: 2021 | D104: 100 | E104: 9.1 | F104: 2.5194612 | G104: 1271.5281 | H104: 2962300 | I104: =Master_Data!$A104 & "-" & Master_Data!$C104 -> ARM-2021 | J104: =IF(C104=2010,"",IF(D104="","",IFERROR(D104-INDEX($D:$D,MATCH(A104&"-"&(C104-1),$I:$I,0)),""))) -> 0 | K104: =IF(C104=2010,"",IF(E104="","",IFERROR(E104-INDEX($E:$E,MATCH(A104&"-"&(C104-1),$I:$I,0)),""))) -> 0.7 | L104: =IF(C104=2010,"",IF(F104="","",IFERROR(F104-INDEX($F:$F,MATCH(A104&"-"&(C104-1),$I:$I,0)),"" ))) -> 0.18466467 | M104: =IFERROR(F104*H104,"") -> 7463400 | N104: =IF(D104="","",100-D104) -> 0 | O104: =IFERROR(F104/G104*1000,"") -> 1.9814437 | P104: =IFERROR(VLOOKUP(A104,Ref_Data!$A:$B,2,0),"Unknown") -> Upper Middle Income | Q104: =IFERROR(VLOOKUP(A104,Ref_Data!$A:$C,3,0),"Unknown") -> Europe & Central Asia | R104: =IF(D104="","No Data",IF(D104>=95,"Universal Access",IF(D104>=80,"High Access",IF(D104>=50,"Moderate Access",IF(D104>=20,"Low Access","Critical"))))) -> Universal Access | S104: =IF(D104="","",D104-AVERAGEIF($C:$C,C104,$D:$D)) -> 12.874831 | T104: =IF(E104="","",E104-AVERAGEIF($C:$C,C104,$E:$E)) -> -20.503382 | U104: =IF(F104="","",F104-AVERAGEIF($C:$C,C104,$F:$F)) -> -2.0612731 | V104: =IFERROR(IF(D104="","",D104-INDEX($D:$D,MATCH(A104&"-2010",$I:$I,0))),"") -> 0.2 | W104: =IFERROR(IF(F104="","",F104-INDEX($F:$F,MATCH(A104&"-2010",$I:$I,0))),"") -> 1.107513
A105: ARM | B105: Armenia | C105: 2022 | D105: 100 | F105: 2.618281 | G105: 1347.5906 | H105: 2969200 | I105: =Master_Data!$A105 & "-" & Master_Data!$C105 -> ARM-2022 | J105: =IF(C105=2010,"",IF(D105="","",IFERROR(D105-INDEX($D:$D,MATCH(A105&"-"&(C105-1),$I:$I,0)),""))) -> 0 | K105: =IF(C105=2010,"",IF(E105="","",IFERROR(E105-INDEX($E:$E,MATCH(A105&"-"&(C105-1),$I:$I,0)),""))) | L105: =IF(C105=2010,"",IF(F105="","",IFERROR(F105-INDEX($F:$F,MATCH(A105&"-"&(C105-1),$I:$I,0)),"" ))) -> 0.098819789 | M105: =IFERROR(F105*H105,"") -> 7774200 | N105: =IF(D105="","",100-D105) -> 0 | O105: =IFERROR(F105/G105*1000,"") -> 1.9429351 | P105: =IFERROR(VLOOKUP(A105,Ref_Data!$A:$B,2,0),"Unknown") -> Upper Middle Income | Q105: =IFERROR(VLOOKUP(A105,Ref_Data!$A:$C,3,0),"Unknown") -> Europe & Central Asia | R105: =IF(D105="","No Data",IF(D105>=95,"Universal Access",IF(D105>=80,"High Access",IF(D105>=50,"Moderate Access",IF(D105>=20,"Low Access","Critical"))))) -> Universal Access | S105: =IF(D105="","",D105-AVERAGEIF($C:$C,C105,$D:$D)) -> 12.585946 | T105: =IF(E105="","",E105-AVERAGEIF($C:$C,C105,$E:$E)) | U105: =IF(F105="","",F105-AVERAGEIF($C:$C,C105,$F:$F)) -> -1.93252 | V105: =IFERROR(IF(D105="","",D105-INDEX($D:$D,MATCH(A105&"-2010",$I:$I,0))),"") -> 0.2 | W105: =IFERROR(IF(F105="","",F105-INDEX($F:$F,MATCH(A105&"-2010",$I:$I,0))),"") -> 1.2063328
A106: ATG | B106: Antigua and Barbuda | C106: 2010 | D106: 98.7 | E106: 0 | F106: 3.2688701 | H106: 85320 | I106: =Master_Data!$A106 & "-" & Master_Data!$C106 -> ATG-2010 | J106: =IF(C106=2010,"",IF(D106="","",IFERROR(D106-INDEX($D:$D,MATCH(A106&"-"&(C106-1),$I:$I,0)),""))) | K106: =IF(C106=2010,"",IF(E106="","",IFERROR(E106-INDEX($E:$E,MATCH(A106&"-"&(C106-1),$I:$I,0)),""))) | L106: =IF(C106=2010,"",IF(F106="","",IFERROR(F106-INDEX($F:$F,MATCH(A106&"-"&(C106-1),$I:$I,0)),"" ))) | M106: =IFERROR(F106*H106,"") -> 278900 | N106: =IF(D106="","",100-D106) -> 1.3 | O106: =IFERROR(F106/G106*1000,"") | P106: =IFERROR(VLOOKUP(A106,Ref_Data!$A:$B,2,0),"Unknown") -> High Income | Q106: =IFERROR(VLOOKUP(A106,Ref_Data!$A:$C,3,0),"Unknown") -> Latin America & Caribbean | R106: =IF(D106="","No Data",IF(D106>=95,"Universal Access",IF(D106>=80,"High Access",IF(D106>=50,"Moderate Access",IF(D106>=20,"Low Access","Critical"))))) -> Universal Access | S106: =IF(D106="","",D106-AVERAGEIF($C:$C,C106,$D:$D)) -> 19.075343 | T106: =IF(E106="","",E106-AVERAGEIF($C:$C,C106,$E:$E)) -> -30.412665 | U106: =IF(F106="","",F106-AVERAGEIF($C:$C,C106,$F:$F)) -> -1.8291891 | V106: =IFERROR(IF(D106="","",D106-INDEX($D:$D,MATCH(A106&"-2010",$I:$I,0))),"") -> 0 | W106: =IFERROR(IF(F106="","",F106-INDEX($F:$F,MATCH(A106&"-2010",$I:$I,0))),"") -> 0
A107: ATG | B107: Antigua and Barbuda | C107: 2011 | D107: 94.6 | E107: 0.1 | F107: 2.4649029 | H107: 86332 | I107: =Master_Data!$A107 & "-" & Master_Data!$C107 -> ATG-2011 | J107: =IF(C107=2010,"",IF(D107="","",IFERROR(D107-INDEX($D:$D,MATCH(A107&"-"&(C107-1),$I:$I,0)),""))) -> -4.1 | K107: =IF(C107=2010,"",IF(E107="","",IFERROR(E107-INDEX($E:$E,MATCH(A107&"-"&(C107-1),$I:$I,0)),""))) -> 0.1 | L107: =IF(C107=2010,"",IF(F107="","",IFERROR(F107-INDEX($F:$F,MATCH(A107&"-"&(C107-1),$I:$I,0)),"" ))) -> -0.8039672 | M107: =IFERROR(F107*H107,"") -> 212800 | N107: =IF(D107="","",100-D107) -> 5.4 | O107: =IFERROR(F107/G107*1000,"") | P107: =IFERROR(VLOOKUP(A107,Ref_Data!$A:$B,2,0),"Unknown") -> High Income | Q107: =IFERROR(VLOOKUP(A107,Ref_Data!$A:$C,3,0),"Unknown") -> Latin America & Caribbean | R107: =IF(D107="","No Data",IF(D107>=95,"Universal Access",IF(D107>=80,"High Access",IF(D107>=50,"Moderate Access",IF(D107>=20,"Low Access","Critical"))))) -> High Access | S107: =IF(D107="","",D107-AVERAGEIF($C:$C,C107,$D:$D)) -> 14.184673 | T107: =IF(E107="","",E107-AVERAGEIF($C:$C,C107,$E:$E)) -> -30.09737 | U107: =IF(F107="","",F107-AVERAGEIF($C:$C,C107,$F:$F)) -> -2.6616305 | V107: =IFERROR(IF(D107="","",D107-INDEX($D:$D,MATCH(A107&"-2010",$I:$I,0))),"") -> -4.1 | W107: =IFERROR(IF(F107="","",F107-INDEX($F:$F,MATCH(A107&"-2010",$I:$I,0))),"") -> -0.8039672
A108: ATG | B108: Antigua and Barbuda | C108: 2012 | D108: 100 | E108: 0.1 | F108: 2.599129 | H108: 87260 | I108: =Master_Data!$A108 & "-" & Master_Data!$C108 -> ATG-2012 | J108: =IF(C108=2010,"",IF(D108="","",IFERROR(D108-INDEX($D:$D,MATCH(A108&"-"&(C108-1),$I:$I,0)),""))) -> 5.4 | K108: =IF(C108=2010,"",IF(E108="","",IFERROR(E108-INDEX($E:$E,MATCH(A108&"-"&(C108-1),$I:$I,0)),""))) -> 0 | L108: =IF(C108=2010,"",IF(F108="","",IFERROR(F108-INDEX($F:$F,MATCH(A108&"-"&(C108-1),$I:$I,0)),"" ))) -> 0.13422611 | M108: =IFERROR(F108*H108,"") -> 226800 | N108: =IF(D108="","",100-D108) -> 0 | O108: =IFERROR(F108/G108*1000,"") | P108: =IFERROR(VLOOKUP(A108,Ref_Data!$A:$B,2,0),"Unknown") -> High Income | Q108: =IFERROR(VLOOKUP(A108,Ref_Data!$A:$C,3,0),"Unknown") -> Latin America & Caribbean | R108: =IF(D108="","No Data",IF(D108>=95,"Universal Access",IF(D108>=80,"High Access",IF(D108>=50,"Moderate Access",IF(D108>=20,"Low Access","Critical"))))) -> Universal Access | S108: =IF(D108="","",D108-AVERAGEIF($C:$C,C108,$D:$D)) -> 18.879195 | T108: =IF(E108="","",E108-AVERAGEIF($C:$C,C108,$E:$E)) -> -30.007129 | U108: =IF(F108="","",F108-AVERAGEIF($C:$C,C108,$F:$F)) -> -2.806375 | V108: =IFERROR(IF(D108="","",D108-INDEX($D:$D,MATCH(A108&"-2010",$I:$I,0))),"") -> 1.3 | W108: =IFERROR(IF(F108="","",F108-INDEX($F:$F,MATCH(A108&"-2010",$I:$I,0))),"") -> -0.6697411
A109: ATG | B109: Antigua and Barbuda | C109: 2013 | D109: 100 | E109: 0.1 | F109: 2.9501272 | H109: 88064 | I109: =Master_Data!$A109 & "-" & Master_Data!$C109 -> ATG-2013 | J109: =IF(C109=2010,"",IF(D109="","",IFERROR(D109-INDEX($D:$D,MATCH(A109&"-"&(C109-1),$I:$I,0)),""))) -> 0 | K109: =IF(C109=2010,"",IF(E109="","",IFERROR(E109-INDEX($E:$E,MATCH(A109&"-"&(C109-1),$I:$I,0)),""))) -> 0 | L109: =IF(C109=2010,"",IF(F109="","",IFERROR(F109-INDEX($F:$F,MATCH(A109&"-"&(C109-1),$I:$I,0)),"" ))) -> 0.35099814 | M109: =IFERROR(F109*H109,"") -> 259800 | N109: =IF(D109="","",100-D109) -> 0 | O109: =IFERROR(F109/G109*1000,"") | P109: =IFERROR(VLOOKUP(A109,Ref_Data!$A:$B,2,0),"Unknown") -> High Income | Q109: =IFERROR(VLOOKUP(A109,Ref_Data!$A:$C,3,0),"Unknown") -> Latin America & Caribbean | R109: =IF(D109="","No Data",IF(D109>=95,"Universal Access",IF(D109>=80,"High Access",IF(D109>=50,"Moderate Access",IF(D109>=20,"Low Access","Critical"))))) -> Universal Access | S109: =IF(D109="","",D109-AVERAGEIF($C:$C,C109,$D:$D)) -> 18.287462 | T109: =IF(E109="","",E109-AVERAGEIF($C:$C,C109,$E:$E)) -> -30.20164 | U109: =IF(F109="","",F109-AVERAGEIF($C:$C,C109,$F:$F)) -> -2.0182433 | V109: =IFERROR(IF(D109="","",D109-INDEX($D:$D,MATCH(A109&"-2010",$I:$I,0))),"") -> 1.3 | W109: =IFERROR(IF(F109="","",F109-INDEX($F:$F,MATCH(A109&"-2010",$I:$I,0))),"") -> -0.31874296
A110: ATG | B110: Antigua and Barbuda | C110: 2014 | D110: 100 | E110: 0.1 | F110: 3.1510167 | H110: 88765 | I110: =Master_Data!$A110 & "-" & Master_Data!$C110 -> ATG-2014 | J110: =IF(C110=2010,"",IF(D110="","",IFERROR(D110-INDEX($D:$D,MATCH(A110&"-"&(C110-1),$I:$I,0)),""))) -> 0 | K110: =IF(C110=2010,"",IF(E110="","",IFERROR(E110-INDEX($E:$E,MATCH(A110&"-"&(C110-1),$I:$I,0)),""))) -> 0 | L110: =IF(C110=2010,"",IF(F110="","",IFERROR(F110-INDEX($F:$F,MATCH(A110&"-"&(C110-1),$I:$I,0)),"" ))) -> 0.20088955 | M110: =IFERROR(F110*H110,"") -> 279700 | N110: =IF(D110="","",100-D110) -> 0 | O110: =IFERROR(F110/G110*1000,"") | P110: =IFERROR(VLOOKUP(A110,Ref_Data!$A:$B,2,0),"Unknown") -> High Income | Q110: =IFERROR(VLOOKUP(A110,Ref_Data!$A:$C,3,0),"Unknown") -> Latin America & Caribbean | R110: =IF(D110="","No Data",IF(D110>=95,"Universal Access",IF(D110>=80,"High Access",IF(D110>=50,"Moderate Access",IF(D110>=20,"Low Access","Critical"))))) -> Universal Access | S110: =IF(D110="","",D110-AVERAGEIF($C:$C,C110,$D:$D)) -> 17.559097 | T110: =IF(E110="","",E110-AVERAGEIF($C:$C,C110,$E:$E)) -> -30.011727 | U110: =IF(F110="","",F110-AVERAGEIF($C:$C,C110,$F:$F)) -> -1.6402702 | V110: =IFERROR(IF(D110="","",D110-INDEX($D:$D,MATCH(A110&"-2010",$I:$I,0))),"") -> 1.3 | W110: =IFERROR(IF(F110="","",F110-INDEX($F:$F,MATCH(A110&"-2010",$I:$I,0))),"") -> -0.11785341
A111: ATG | B111: Antigua and Barbuda | C111: 2015 | D111: 100 | E111: 0.4 | F111: 3.2547059 | H111: 89409 | I111: =Master_Data!$A111 & "-" & Master_Data!$C111 -> ATG-2015 | J111: =IF(C111=2010,"",IF(D111="","",IFERROR(D111-INDEX($D:$D,MATCH(A111&"-"&(C111-1),$I:$I,0)),""))) -> 0 | K111: =IF(C111=2010,"",IF(E111="","",IFERROR(E111-INDEX($E:$E,MATCH(A111&"-"&(C111-1),$I:$I,0)),""))) -> 0.3 | L111: =IF(C111=2010,"",IF(F111="","",IFERROR(F111-INDEX($F:$F,MATCH(A111&"-"&(C111-1),$I:$I,0)),"" ))) -> 0.10368917 | M111: =IFERROR(F111*H111,"") -> 291000 | N111: =IF(D111="","",100-D111) -> 0 | O111: =IFERROR(F111/G111*1000,"") | P111: =IFERROR(VLOOKUP(A111,Ref_Data!$A:$B,2,0),"Unknown") -> High Income | Q111: =IFERROR(VLOOKUP(A111,Ref_Data!$A:$C,3,0),"Unknown") -> Latin America & Caribbean | R111: =IF(D111="","No Data",IF(D111>=95,"Universal Access",IF(D111>=80,"High Access",IF(D111>=50,"Moderate Access",IF(D111>=20,"Low Access","Critical"))))) -> Universal Access | S111: =IF(D111="","",D111-AVERAGEIF($C:$C,C111,$D:$D)) -> 16.984761 | T111: =IF(E111="","",E111-AVERAGEIF($C:$C,C111,$E:$E)) -> -29.515157 | U111: =IF(F111="","",F111-AVERAGEIF($C:$C,C111,$F:$F)) -> -1.4547355 | V111: =IFERROR(IF(D111="","",D111-INDEX($D:$D,MATCH(A111&"-2010",$I:$I,0))),"") -> 1.3 | W111: =IFERROR(IF(F111="","",F111-INDEX($F:$F,MATCH(A111&"-2010",$I:$I,0))),"") -> -0.014164234
A112: ATG | B112: Antigua and Barbuda | C112: 2016 | D112: 100 | E112: 0.4 | F112: 3.5000945 | H112: 89969 | I112: =Master_Data!$A112 & "-" & Master_Data!$C112 -> ATG-2016 | J112: =IF(C112=2010,"",IF(D112="","",IFERROR(D112-INDEX($D:$D,MATCH(A112&"-"&(C112-1),$I:$I,0)),""))) -> 0 | K112: =IF(C112=2010,"",IF(E112="","",IFERROR(E112-INDEX($E:$E,MATCH(A112&"-"&(C112-1),$I:$I,0)),""))) -> 0 | L112: =IF(C112=2010,"",IF(F112="","",IFERROR(F112-INDEX($F:$F,MATCH(A112&"-"&(C112-1),$I:$I,0)),"" ))) -> 0.24538858 | M112: =IFERROR(F112*H112,"") -> 314900 | N112: =IF(D112="","",100-D112) -> 0 | O112: =IFERROR(F112/G112*1000,"") | P112: =IFERROR(VLOOKUP(A112,Ref_Data!$A:$B,2,0),"Unknown") -> High Income | Q112: =IFERROR(VLOOKUP(A112,Ref_Data!$A:$C,3,0),"Unknown") -> Latin America & Caribbean | R112: =IF(D112="","No Data",IF(D112>=95,"Universal Access",IF(D112>=80,"High Access",IF(D112>=50,"Moderate Access",IF(D112>=20,"Low Access","Critical"))))) -> Universal Access | S112: =IF(D112="","",D112-AVERAGEIF($C:$C,C112,$D:$D)) -> 15.905249 | T112: =IF(E112="","",E112-AVERAGEIF($C:$C,C112,$E:$E)) -> -29.306058 | U112: =IF(F112="","",F112-AVERAGEIF($C:$C,C112,$F:$F)) -> -1.1742773 | V112: =IFERROR(IF(D112="","",D112-INDEX($D:$D,MATCH(A112&"-2010",$I:$I,0))),"") -> 1.3 | W112: =IFERROR(IF(F112="","",F112-INDEX($F:$F,MATCH(A112&"-2010",$I:$I,0))),"") -> 0.23122434
A113: ATG | B113: Antigua and Barbuda | C113: 2017 | D113: 100 | E113: 0.4 | F113: 3.0640669 | H113: 90468 | I113: =Master_Data!$A113 & "-" & Master_Data!$C113 -> ATG-2017 | J113: =IF(C113=2010,"",IF(D113="","",IFERROR(D113-INDEX($D:$D,MATCH(A113&"-"&(C113-1),$I:$I,0)),""))) -> 0 | K113: =IF(C113=2010,"",IF(E113="","",IFERROR(E113-INDEX($E:$E,MATCH(A113&"-"&(C113-1),$I:$I,0)),""))) -> 0 | L113: =IF(C113=2010,"",IF(F113="","",IFERROR(F113-INDEX($F:$F,MATCH(A113&"-"&(C113-1),$I:$I,0)),"" ))) -> -0.43602763 | M113: =IFERROR(F113*H113,"") -> 277200 | N113: =IF(D113="","",100-D113) -> 0 | O113: =IFERROR(F113/G113*1000,"") | P113: =IFERROR(VLOOKUP(A113,Ref_Data!$A:$B,2,0),"Unknown") -> High Income | Q113: =IFERROR(VLOOKUP(A113,Ref_Data!$A:$C,3,0),"Unknown") -> Latin America & Caribbean | R113: =IF(D113="","No Data",IF(D113>=95,"Universal Access",IF(D113>=80,"High Access",IF(D113>=50,"Moderate Access",IF(D113>=20,"Low Access","Critical"))))) -> Universal Access | S113: =IF(D113="","",D113-AVERAGEIF($C:$C,C113,$D:$D)) -> 15.146092 | T113: =IF(E113="","",E113-AVERAGEIF($C:$C,C113,$E:$E)) -> -29.141519 | U113: =IF(F113="","",F113-AVERAGEIF($C:$C,C113,$F:$F)) -> -1.6136842 | V113: =IFERROR(IF(D113="","",D113-INDEX($D:$D,MATCH(A113&"-2010",$I:$I,0))),"") -> 1.3 | W113: =IFERROR(IF(F113="","",F113-INDEX($F:$F,MATCH(A113&"-2010",$I:$I,0))),"") -> -0.20480328
...

Sheet Calculations
A1: CALCULATIONS (Reusable Metrics Hub)
A3: Latest Year | B3: =MAX(Master_Data!$C$2:$C$3329) -> 2022
A4: Previous Year | B4: =B3-1 -> 2021
A6: Global Avg Electricity Access (Latest) | B6: =AVERAGEIFS(Master_Data!$D$2:$D$3329,Master_Data!$C$2:$C$3329,$B$3) -> 87.414054
A7: Global Avg Renewable Share (Latest) | B7: =AVERAGEIFS(Master_Data!$E$2:$E$3329,Master_Data!$C$2:$C$3329,$B$3) -> 30.421739
A8: Global Avg CO2 per Capita (Latest) | B8: =AVERAGEIFS(Master_Data!$F$2:$F$3329,Master_Data!$C$2:$C$3329,$B$3) -> 4.5508011
A9: Global Avg Energy Use per Capita (Latest) | B9: =AVERAGEIFS(Master_Data!$G$2:$G$3329,Master_Data!$C$2:$C$3329,$B$3) -> 2215.2312
A11: YoY % Change – Electricity Access | B11: =IFERROR((AVERAGEIFS(Master_Data!$D$2:$D$3329,Master_Data!$C$2:$C$3329,$B$3)-AVERAGEIFS(Master_Data!$D$2:$D$3329,Master_Data!$C$2:$C$3329,$B$4))/AVERAGEIFS(Master_Data!$D$2:$D$3329,Master_Data!$C$2:$C$3329,$B$4),"") -> 0.0033157486
A12: YoY % Change – Renewable Share | B12: =IFERROR((AVERAGEIFS(Master_Data!$E$2:$E$3329,Master_Data!$C$2:$C$3329,$B$3)-AVERAGEIFS(Master_Data!$E$2:$E$3329,Master_Data!$C$2:$C$3329,$B$4))/AVERAGEIFS(Master_Data!$E$2:$E$3329,Master_Data!$C$2:$C$3329,$B$4),"") -> 0.027644054
A13: YoY % Change – CO2 per Capita | B13: =IFERROR((AVERAGEIFS(Master_Data!$F$2:$F$3329,Master_Data!$C$2:$C$3329,$B$3)-AVERAGEIFS(Master_Data!$F$2:$F$3329,Master_Data!$C$2:$C$3329,$B$4))/AVERAGEIFS(Master_Data!$F$2:$F$3329,Master_Data!$C$2:$C$3329,$B$4),"") -> -0.0065346048
A14: YoY % Change – Energy Use per Capita | B14: =IFERROR((AVERAGEIFS(Master_Data!$G$2:$G$3329,Master_Data!$C$2:$C$3329,$B$3)-AVERAGEIFS(Master_Data!$G$2:$G$3329,Master_Data!$C$2:$C$3329,$B$4))/AVERAGEIFS(Master_Data!$G$2:$G$3329,Master_Data!$C$2:$C$3329,$B$4),"") -> -0.012820632
A16: Weighted Avg Electricity Access (Latest) | B16: {=IFERROR(SUMPRODUCT((Master_Data!$C$2:$C$3329=$B$3)*Master_Data!$D$2:$D$3329*Master_Data!$H$2:$H$3329) / SUMPRODUCT((Master_Data!$C$2:$C$3329=$B$3)*Master_Data!$H$2:$H$3329),"")} -> 89.475396
A17: Weighted Avg CO2 per Capita (Latest) | B17: {=IFERROR(SUMPRODUCT((Master_Data!$C$2:$C$3329=$B$3)*Master_Data!$F$2:$F$3329*Master_Data!$H$2:$H$3329) / SUMPRODUCT((Master_Data!$C$2:$C$3329=$B$3)*Master_Data!$H$2:$H$3329),"")} -> 3.8058885
A18: Weighted Avg Renewable Share (Latest) | B18: =AVERAGEIFS(Master_Data!$E$2:$E$3329,Master_Data!$C$2:$C$3329,$B$3,Master_Data!$E$2:$E$3329,"<>") -> 30.421739
A19: % Countries with Renewable data (Latest) | B19: =IFERROR(COUNTIFS(Master_Data!$C$2:$C$3329,$B$3,Master_Data!$E$2:$E$3329,"<>")/COUNTIF(Master_Data!$C$2:$C$3329,$B$3),"") -> 0.26953125
A21: BLOCK 2: 2015 BASELINES
A22: Avg Electricity Access (2015) | B22: =AVERAGEIFS(Master_Data!$D$2:$D$3329,Master_Data!$C$2:$C$3329,2015) -> 83.015239
A23: Avg Renewable Share (2015) | B23: =AVERAGEIFS(Master_Data!$E$2:$E$3329,Master_Data!$C$2:$C$3329,2015) -> 29.915157
A24: Avg CO2 Per Capita (2015) | B24: =AVERAGEIFS(Master_Data!$F$2:$F$3329,Master_Data!$C$2:$C$3329,2015) -> 4.7094414
A25: Avg Energy Use Per Capita (2015) | B25: =AVERAGEIFS(Master_Data!$G$2:$G$3329,Master_Data!$C$2:$C$3329,2015) -> 2285.1634
A27: BLOCK 3: TREND DELTAS (2022 vs 2015)
A28: Electricity Access Change (2015→2022) | B28: =B6-B22 -> 4.3988151
A29: Renewable Share Change (2015→2022) | B29: =B7-B23 -> 0.50658194
A30: CO2 Per Capita Change (2015→2022) | B30: =B8-B24 -> -0.15864031
A32: BLOCK 4: SDG 7 BENCHMARK COUNTS (2022)
A33: Countries Below 50% Electricity Access | B33: =COUNTIFS(Master_Data!$C$2:$C$3329,2022,Master_Data!$D$2:$D$3329,"<50") -> 23
A34: Countries with Universal Access (>=95%) | B34: =COUNTIFS(Master_Data!$C$2:$C$3329,2022,Master_Data!$D$2:$D$3329,">=95") -> 172
A35: Countries Above 50% Renewable Share | B35: =COUNTIFS(Master_Data!$C$2:$C$3329,2022,Master_Data!$E$2:$E$3329,">50") -> 19
A36: Countries That Reduced CO2 Since 2010 | B36: =COUNTIFS(Master_Data!$C$2:$C$3329,2022,Master_Data!$L$2:$L$3329,"<0") -> 118
A38: BLOCK 5: KPI DISPLAY TEXT (for Dashboard)
A39: KPI Text: Electricity Access | B39: =TEXT(B6,"0.0")&"% | "&IF(B28>0,"▲ +"&TEXT(B28,"0.0")&" pts vs 2015","▼ "&TEXT(B28,"0.0")&" pts vs 2015") -> 87.4% | ▲ +4.4 pts vs 2015
A40: KPI Text: Renewable Share | B40: =TEXT(B7,"0.0")&"% | "&IF(B29>0,"▲ +"&TEXT(B29,"0.0")&" pts vs 2015","▼ "&TEXT(B29,"0.0")&" pts vs 2015") -> 30.4% | ▲ +0.5 pts vs 2015
A41: KPI Text: CO2 Per Capita | B41: =TEXT(B8,"0.00")&" | "&IF(B30<0,"▲ Reduced "&TEXT(ABS(B30),"0.00")&" vs 2015","▼ Increased "&TEXT(B30,"0.00")&" vs 2015") -> 4.55 | ▲ Reduced 0.16 vs 2015
A42: KPI Text: Energy Poverty Count | B42: =B33&" countries below 50% electricity access in 2022" -> 23 countries below 50% electricity access in 2022

Sheet Clean Energy Monitoring DB
A2: 🔵 ELECTRICITY ACCESS | B2: =Calculations!B6 -> 87.414054
A3: Trend vs 2015 | B3: =Calculations!B39 -> 87.4% | ▲ +4.4 pts vs 2015
A5: 🟢 RENEWABLE SHARE | B5: =Calculations!B7 -> 30.421739
A6: Trend vs 2015 | B6: =Calculations!B40 -> 30.4% | ▲ +0.5 pts vs 2015
A8: ⬛ CO2 PER CAPITA | B8: =Calculations!B8 -> 4.5508011
A9: Trend vs 2015 | B9: =Calculations!B41 -> 4.55 | ▲ Reduced 0.16 vs 2015
A11: 🔴 ENERGY POVERTY | B11: =Calculations!B33 -> 23
A12: Countries below 50% electricity access in 2022

Sheet Country Deep Dive(2022)
A1: Country_Code | B1: Country_Name | C1: Electricity_Access | D1: Renewable_Share | E1: CO2_Per_Capita | F1: Income_Group | G1: Region | H1: Access_Tier | I1: Elec_Rank | J1: Renew_Rank | K1: CO2_Rank | L1: Risk_Flag
A2: {=_xlfn._xlws.FILTER(Master_Data!A:A,Master_Data!C:C=2022,"")} -> ABW | B2: {=_xlfn._xlws.FILTER(Master_Data!B:B,Master_Data!C:C=2022,"")} -> Aruba | C2: {=_xlfn._xlws.FILTER(Master_Data!D:D,Master_Data!C:C=2022,"")} -> 99.9 | D2: {=_xlfn._xlws.FILTER(Master_Data!E:E,Master_Data!C:C=2022,"")} -> 8.8 | E2: {=_xlfn._xlws.FILTER(Master_Data!F:F,Master_Data!C:C=2022,"")} -> 4.9902153 | F2: {=_xlfn._xlws.FILTER(Master_Data!P:P,Master_Data!C:C=2022,"")} -> High Income | G2: {=_xlfn._xlws.FILTER(Master_Data!Q:Q,Master_Data!C:C=2022,"")} -> Latin America & Caribbean | H2: {=_xlfn._xlws.FILTER(Master_Data!R:R,Master_Data!C:C=2022,"")} -> Universal Access | I2: =RANK(C2,C$2:C$213,0) -> 119 | J2: =IF(OR(D2="",D2=0),"",RANK(D2,D$2:D$215,0)) -> 39 | K2: =IF(E2="","",RANK(E2,E$2:E$213,1)) -> 157 | L2: =IF(C2="","No Data",IF(C2<50,"🔴 Critical",IF(C2<80,"🟡 At Risk",IF(D2<20,"🟠 Low Renewable","🟢 On Track")))) -> 🟠 Low Renewable
A3: AFG | B3: Afghanistan | C3: 85.3 | D3: 20 | E3: 0.27842096 | F3: Low Income | G3: South Asia | H3: High Access | I3: =RANK(C3,C$2:C$213,0) -> 160 | J3: =IF(OR(D3="",D3=0),"",RANK(D3,D$2:D$215,0)) -> 27 | K3: =IF(E3="","",RANK(E3,E$2:E$213,1)) -> 36 | L3: =IF(C3="","No Data",IF(C3<50,"🔴 Critical",IF(C3<80,"🟡 At Risk",IF(D3<20,"🟠 Low Renewable","🟢 On Track")))) -> 🟢 On Track
A4: AGO | B4: Angola | C4: 48.5 | D4: 0 | E4: 0.74881095 | F4: Lower Middle Income | G4: Sub-Saharan Africa | H4: Low Access | I4: =RANK(C4,C$2:C$213,0) -> 197 | J4: =IF(OR(D4="",D4=0),"",RANK(D4,D$2:D$215,0)) | K4: =IF(E4="","",RANK(E4,E$2:E$213,1)) -> 64 | L4: =IF(C4="","No Data",IF(C4<50,"🔴 Critical",IF(C4<80,"🟡 At Risk",IF(D4<20,"🟠 Low Renewable","🟢 On Track")))) -> 🔴 Critical
A5: ALB | B5: Albania | C5: 100 | D5: 0 | E5: 1.8452576 | F5: Upper Middle Income | G5: Europe & Central Asia | H5: Universal Access | I5: =RANK(C5,C$2:C$213,0) -> 1 | J5: =IF(OR(D5="",D5=0),"",RANK(D5,D$2:D$215,0)) | K5: =IF(E5="","",RANK(E5,E$2:E$213,1)) -> 95 | L5: =IF(C5="","No Data",IF(C5<50,"🔴 Critical",IF(C5<80,"🟡 At Risk",IF(D5<20,"🟠 Low Renewable","🟢 On Track")))) -> 🟠 Low Renewable
A6: AND | B6: Andorra | C6: 100 | D6: 18.7 | E6: 0 | F6: High Income | G6: Europe & Central Asia | H6: Universal Access | I6: =RANK(C6,C$2:C$213,0) -> 1 | J6: =IF(OR(D6="",D6=0),"",RANK(D6,D$2:D$215,0)) -> 29 | K6: =IF(E6="","",RANK(E6,E$2:E$213,1)) -> 1 | L6: =IF(C6="","No Data",IF(C6<50,"🔴 Critical",IF(C6<80,"🟡 At Risk",IF(D6<20,"🟠 Low Renewable","🟢 On Track")))) -> 🟠 Low Renewable
A7: ARE | B7: United Arab Emirates | C7: 100 | D7: 0 | E7: 19.373146 | F7: High Income | G7: Middle East & North Africa | H7: Universal Access | I7: =RANK(C7,C$2:C$213,0) -> 1 | J7: =IF(OR(D7="",D7=0),"",RANK(D7,D$2:D$215,0)) | K7: =IF(E7="","",RANK(E7,E$2:E$213,1)) -> 206 | L7: =IF(C7="","No Data",IF(C7<50,"🔴 Critical",IF(C7<80,"🟡 At Risk",IF(D7<20,"🟠 Low Renewable","🟢 On Track")))) -> 🟠 Low Renewable
A8: ARG | B8: Argentina | C8: 100 | D8: 0 | E8: 4.2953117 | F8: Upper Middle Income | G8: Latin America & Caribbean | H8: Universal Access | I8: =RANK(C8,C$2:C$213,0) -> 1 | J8: =IF(OR(D8="",D8=0),"",RANK(D8,D$2:D$215,0)) | K8: =IF(E8="","",RANK(E8,E$2:E$213,1)) -> 142 | L8: =IF(C8="","No Data",IF(C8<50,"🔴 Critical",IF(C8<80,"🟡 At Risk",IF(D8<20,"🟠 Low Renewable","🟢 On Track")))) -> 🟠 Low Renewable
A9: ARM | B9: Armenia | C9: 100 | D9: 0 | E9: 2.618281 | F9: Upper Middle Income | G9: Europe & Central Asia | H9: Universal Access | I9: =RANK(C9,C$2:C$213,0) -> 1 | J9: =IF(OR(D9="",D9=0),"",RANK(D9,D$2:D$215,0)) | K9: =IF(E9="","",RANK(E9,E$2:E$213,1)) -> 112 | L9: =IF(C9="","No Data",IF(C9<50,"🔴 Critical",IF(C9<80,"🟡 At Risk",IF(D9<20,"🟠 Low Renewable","🟢 On Track")))) -> 🟠 Low Renewable
A10: ATG | B10: Antigua and Barbuda | C10: 100 | D10: 0.9 | E10: 3.6945282 | F10: High Income | G10: Latin America & Caribbean | H10: Universal Access | I10: =RANK(C10,C$2:C$213,0) -> 1 | J10: =IF(D10="","",RANK(D10,D$2:D$213,0)) -> 52 | K10: =IF(E10="","",RANK(E10,E$2:E$213,1)) -> 131 | L10: =IF(C10="","No Data",IF(C10<50,"🔴 Critical",IF(C10<80,"🟡 At Risk",IF(D10<20,"🟠 Low Renewable","🟢 On Track")))) -> 🟠 Low Renewable
A11: AUS | B11: Australia | C11: 100 | D11: 0 | E11: 14.530503 | F11: High Income | G11: East Asia & Pacific | H11: Universal Access | I11: =RANK(C11,C$2:C$213,0) -> 1 | J11: =IF(OR(D11="",D11=0),"",RANK(D11,D$2:D$215,0)) | K11: =IF(E11="","",RANK(E11,E$2:E$213,1)) -> 201 | L11: =IF(C11="","No Data",IF(C11<50,"🔴 Critical",IF(C11<80,"🟡 At Risk",IF(D11<20,"🟠 Low Renewable","🟢 On Track")))) -> 🟠 Low Renewable
A12: AUT | B12: Austria | C12: 100 | D12: 0 | E12: 6.9285813 | F12: High Income | G12: Europe & Central Asia | H12: Universal Access | I12: =RANK(C12,C$2:C$213,0) -> 1 | J12: =IF(OR(D12="",D12=0),"",RANK(D12,D$2:D$215,0)) | K12: =IF(E12="","",RANK(E12,E$2:E$213,1)) -> 173 | L12: =IF(C12="","No Data",IF(C12<50,"🔴 Critical",IF(C12<80,"🟡 At Risk",IF(D12<20,"🟠 Low Renewable","🟢 On Track")))) -> 🟠 Low Renewable
A13: AZE | B13: Azerbaijan | C13: 100 | D13: 0 | E13: 3.9128924 | F13: Upper Middle Income | G13: Europe & Central Asia | H13: Universal Access | I13: =RANK(C13,C$2:C$213,0) -> 1 | J13: =IF(OR(D13="",D13=0),"",RANK(D13,D$2:D$215,0)) | K13: =IF(E13="","",RANK(E13,E$2:E$213,1)) -> 135 | L13: =IF(C13="","No Data",IF(C13<50,"🔴 Critical",IF(C13<80,"🟡 At Risk",IF(D13<20,"🟠 Low Renewable","🟢 On Track")))) -> 🟠 Low Renewable
A14: BDI | B14: Burundi | C14: 10.3 | D14: 83 | E14: 0.069821577 | F14: Low Income | G14: Sub-Saharan Africa | H14: Critical | I14: =RANK(C14,C$2:C$213,0) -> 211 | J14: =IF(OR(D14="",D14=0),"",RANK(D14,D$2:D$215,0)) -> 6 | K14: =IF(E14="","",RANK(E14,E$2:E$213,1)) -> 25 | L14: =IF(C14="","No Data",IF(C14<50,"🔴 Critical",IF(C14<80,"🟡 At Risk",IF(D14<20,"🟠 Low Renewable","🟢 On Track")))) -> 🔴 Critical
A15: BEL | B15: Belgium | C15: 100 | D15: 0 | E15: 7.6776616 | F15: High Income | G15: Europe & Central Asia | H15: Universal Access | I15: =RANK(C15,C$2:C$213,0) -> 1 | J15: =IF(OR(D15="",D15=0),"",RANK(D15,D$2:D$215,0)) | K15: =IF(E15="","",RANK(E15,E$2:E$213,1)) -> 179 | L15: =IF(C15="","No Data",IF(C15<50,"🔴 Critical",IF(C15<80,"🟡 At Risk",IF(D15<20,"🟠 Low Renewable","🟢 On Track")))) -> 🟠 Low Renewable
A16: BEN | B16: Benin | C16: 56.5 | D16: 0 | E16: 0.5130564 | F16: Low Income | G16: Sub-Saharan Africa | H16: Moderate Access | I16: =RANK(C16,C$2:C$213,0) -> 182 | J16: =IF(OR(D16="",D16=0),"",RANK(D16,D$2:D$215,0)) | K16: =IF(E16="","",RANK(E16,E$2:E$213,1)) -> 51 | L16: =IF(C16="","No Data",IF(C16<50,"🔴 Critical",IF(C16<80,"🟡 At Risk",IF(D16<20,"🟠 Low Renewable","🟢 On Track")))) -> 🟡 At Risk
A17: BFA | B17: Burkina Faso | C17: 19.5 | D17: 71.4 | E17: 0.28826199 | F17: Low Income | G17: Sub-Saharan Africa | H17: Critical | I17: =RANK(C17,C$2:C$213,0) -> 206 | J17: =IF(OR(D17="",D17=0),"",RANK(D17,D$2:D$215,0)) -> 10 | K17: =IF(E17="","",RANK(E17,E$2:E$213,1)) -> 37 | L17: =IF(C17="","No Data",IF(C17<50,"🔴 Critical",IF(C17<80,"🟡 At Risk",IF(D17<20,"🟠 Low Renewable","🟢 On Track")))) -> 🔴 Critical
A18: BGD | B18: Bangladesh | C18: 99.4 | D18: 0 | E18: 0.71355653 | F18: Lower Middle Income | G18: South Asia | H18: Universal Access | I18: =RANK(C18,C$2:C$213,0) -> 123 | J18: =IF(OR(D18="",D18=0),"",RANK(D18,D$2:D$215,0)) | K18: =IF(E18="","",RANK(E18,E$2:E$213,1)) -> 61 | L18: =IF(C18="","No Data",IF(C18<50,"🔴 Critical",IF(C18<80,"🟡 At Risk",IF(D18<20,"🟠 Low Renewable","🟢 On Track")))) -> 🟠 Low Renewable
A19: BGR | B19: Bulgaria | C19: 100 | D19: 0 | E19: 7.6476965 | F19: Upper Middle Income | G19: Europe & Central Asia | H19: Universal Access | I19: =RANK(C19,C$2:C$213,0) -> 1 | J19: =IF(OR(D19="",D19=0),"",RANK(D19,D$2:D$215,0)) | K19: =IF(E19="","",RANK(E19,E$2:E$213,1)) -> 178 | L19: =IF(C19="","No Data",IF(C19<50,"🔴 Critical",IF(C19<80,"🟡 At Risk",IF(D19<20,"🟠 Low Renewable","🟢 On Track")))) -> 🟠 Low Renewable
A20: BHR | B20: Bahrain | C20: 100 | D20: 0 | E20: 25.467881 | F20: High Income | G20: Middle East & North Africa | H20: Universal Access | I20: =RANK(C20,C$2:C$213,0) -> 1 | J20: =IF(OR(D20="",D20=0),"",RANK(D20,D$2:D$215,0)) | K20: =IF(E20="","",RANK(E20,E$2:E$213,1)) -> 210 | L20: =IF(C20="","No Data",IF(C20<50,"🔴 Critical",IF(C20<80,"🟡 At Risk",IF(D20<20,"🟠 Low Renewable","🟢 On Track")))) -> 🟠 Low Renewable
A21: BHS | B21: Bahamas, The | C21: 100 | D21: 1.1 | E21: 3.5355111 | F21: High Income | G21: Latin America & Caribbean | H21: Universal Access | I21: =RANK(C21,C$2:C$213,0) -> 1 | J21: =IF(OR(D21="",D21=0),"",RANK(D21,D$2:D$215,0)) -> 51 | K21: =IF(E21="","",RANK(E21,E$2:E$213,1)) -> 127 | L21: =IF(C21="","No Data",IF(C21<50,"🔴 Critical",IF(C21<80,"🟡 At Risk",IF(D21<20,"🟠 Low Renewable","🟢 On Track")))) -> 🟠 Low Renewable
A22: BLR | B22: Belarus | C22: 100 | D22: 0 | E22: 6.057008 | F22: Upper Middle Income | G22: Europe & Central Asia | H22: Universal Access | I22: =RANK(C22,C$2:C$213,0) -> 1 | J22: =IF(OR(D22="",D22=0),"",RANK(D22,D$2:D$215,0)) | K22: =IF(E22="","",RANK(E22,E$2:E$213,1)) -> 165 | L22: =IF(C22="","No Data",IF(C22<50,"🔴 Critical",IF(C22<80,"🟡 At Risk",IF(D22<20,"🟠 Low Renewable","🟢 On Track")))) -> 🟠 Low Renewable
... A27: BRB | B27: Barbados | C27: 100 | D27: 5.5 | E27: 2.4401561 | F27: High Income | G27: Latin America & Caribbean | H27: Universal Access | I27: =RANK(C27,C$2:C$213,0) -> 1 | J27: =IF(OR(D27="",D27=0),"",RANK(D27,D$2:D$215,0)) -> 43 | K27: =IF(E27="","",RANK(E27,E$2:E$213,1)) -> 106 | L27: =IF(C27="","No Data",IF(C27<50,"🔴 Critical",IF(C27<80,"🟡 At Risk",IF(D27<20,"🟠 Low Renewable","🟢 On Track")))) -> 🟠 Low Renewable
A28: BRN | B28: Brunei Darussalam | C28: 100 | D28: 0 | E28: 20.943628 | F28: High Income | G28: East Asia & Pacific | H28: Universal Access | I28: =RANK(C28,C$2:C$213,0) -> 1 | J28: =IF(D28="","",RANK(D28,D$2:D$213,0)) -> 56 | K28: =IF(E28="","",RANK(E28,E$2:E$213,1)) -> 208 | L28: =IF(C28="","No Data",IF(C28<50,"🔴 Critical",IF(C28<80,"🟡 At Risk",IF(D28<20,"🟠 Low Renewable","🟢 On Track")))) -> 🟠 Low Renewable
A29: BTN | B29: Bhutan | C29: 100 | D29: 82.5 | E29: 1.9428516 | F29: Lower Middle Income | G29: South Asia | H29: Universal Access | I29: =RANK(C29,C$2:C$213,0) -> 1 | J29: =IF(OR(D29="",D29=0),"",RANK(D29,D$2:D$215,0)) -> 7 | K29: =IF(E29="","",RANK(E29,E$2:E$213,1)) -> 99 | L29: =IF(C29="","No Data",IF(C29<50,"🔴 Critical",IF(C29<80,"🟡 At Risk",IF(D29<20,"🟠 Low Renewable","🟢 On Track")))) -> 🟢 On Track
A30: BWA | B30: Botswana | C30: 75.9 | D30: 0 | E30: 2.8024601 | F30: Upper Middle Income | G30: Sub-Saharan Africa | H30: Moderate Access | I30: =RANK(C30,C$2:C$213,0) -> 167 | J30: =IF(D30="","",RANK(D30,D$2:D$213,0)) -> 56 | K30: =IF(E30="","",RANK(E30,E$2:E$213,1)) -> 117 | L30: =IF(C30="","No Data",IF(C30<50,"🔴 Critical",IF(C30<80,"🟡 At Risk",IF(D30<20,"🟠 Low Renewable","🟢 On Track")))) -> 🟡 At Risk
A31: CAF | B31: Central African Republic | C31: 15.7 | D31: 90.9 | E31: 0.063259618 | F31: Low Income | G31: Sub-Saharan Africa | H31: Critical | I31: =RANK(C31,C$2:C$213,0) -> 209 | J31: =IF(D31="","",RANK(D31,D$2:D$213,0)) -> 3 | K31: =IF(E31="","",RANK(E31,E$2:E$213,1)) -> 24 | L31: =IF(C31="","No Data",IF(C31<50,"🔴 Critical",IF(C31<80,"🟡 At Risk",IF(D31<20,"🟠 Low Renewable","🟢 On Track")))) -> 🔴 Critical
A32: CAN | B32: Canada | C32: 100 | D32: 0 | E32: 14.7893 | F32: High Income | G32: North America | H32: Universal Access | I32: =RANK(C32,C$2:C$213,0) -> 1 | J32: =IF(OR(D32="",D32=0),"",RANK(D32,D$2:D$215,0)) | K32: =IF(E32="","",RANK(E32,E$2:E$213,1)) -> 202 | L32: =IF(C32="","No Data",IF(C32<50,"🔴 Critical",IF(C32<80,"🟡 At Risk",IF(D32<20,"🟠 Low Renewable","🟢 On Track")))) -> 🟠 Low Renewable
A33: CEB | B33: Central Europe and the Baltics | C33: 100 | D33: 0 | E33: 6.771835 | F33: Unknown | G33: Unknown | H33: Universal Access | I33: =RANK(C33,C$2:C$213,0) -> 1 | J33: =IF(D33="","",RANK(D33,D$2:D$213,0)) -> 56 | K33: =IF(E33="","",RANK(E33,E$2:E$213,1)) -> 170 | L33: =IF(C33="","No Data",IF(C33<50,"🔴 Critical",IF(C33<80,"🟡 At Risk",IF(D33<20,"🟠 Low Renewable","🟢 On Track")))) -> 🟠 Low Renewable
A34: CHE | B34: Switzerland | C34: 100 | D34: 0 | E34: 3.9284669 | F34: High Income | G34: Europe & Central Asia | H34: Universal Access | I34: =RANK(C34,C$2:C$213,0) -> 1 | J34: =IF(OR(D34="",D34=0),"",RANK(D34,D$2:D$215,0)) | K34: =IF(E34="","",RANK(E34,E$2:E$213,1)) -> 136 | L34: =IF(C34="","No Data",IF(C34<50,"🔴 Critical",IF(C34<80,"🟡 At Risk",IF(D34<20,"🟠 Low Renewable","🟢 On Track")))) -> 🟠 Low Renewable
A35: CHI | B35: Channel Islands | C35: 100 | D35: 0 | E35: 0 | F35: High Income | G35: Europe & Central Asia | H35: Universal Access | I35: =RANK(C35,C$2:C$213,0) -> 1 | J35: =IF(D35="","",RANK(D35,D$2:D$213,0)) -> 56 | K35: =IF(E35="","",RANK(E35,E$2:E$213,1)) -> 1 | L35: =IF(C35="","No Data",IF(C35<50,"🔴 Critical",IF(C35<80,"🟡 At Risk",IF(D35<20,"🟠 Low Renewable","🟢 On Track")))) -> 🟠 Low Renewable
A36: CHL | B36: Chile | C36: 100 | D36: 0 | E36: 4.6247498 | F36: High Income | G36: Latin America & Caribbean | H36: Universal Access | I36: =RANK(C36,C$2:C$213,0) -> 1 | J36: =IF(OR(D36="",D36=0),"",RANK(D36,D$2:D$215,0)) | K36: =IF(E36="","",RANK(E36,E$2:E$213,1)) -> 150 | L36: =IF(C36="","No Data",IF(C36<50,"🔴 Critical",IF(C36<80,"🟡 At Risk",IF(D36<20,"🟠 Low Renewable","🟢 On Track")))) -> 🟠 Low Renewable
A37: CHN | B37: China | C37: 100 | D37: 0 | E37: 8.8648251 | F37: Upper Middle Income | G37: East Asia & Pacific | H37: Universal Access | I37: =RANK(C37,C$2:C$213,0) -> 1 | J37: =IF(OR(D37="",D37=0),"",RANK(D37,D$2:D$215,0)) | K37: =IF(E37="","",RANK(E37,E$2:E$213,1)) -> 190 | L37: =IF(C37="","No Data",IF(C37<50,"🔴 Critical",IF(C37<80,"🟡 At Risk",IF(D37<20,"🟠 Low Renewable","🟢 On Track")))) -> 🟠 Low Renewable
A38: CIV | B38: Cote d'Ivoire | C38: 72 | D38: 0 | E38: 0.60570156 | F38: Lower Middle Income | G38: Sub-Saharan Africa | H38: Moderate Access | I38: =RANK(C38,C$2:C$213,0) -> 169 | J38: =IF(D38="","",RANK(D38,D$2:D$213,0)) -> 56 | K38: =IF(E38="","",RANK(E38,E$2:E$213,1)) -> 59 | L38: =IF(C38="","No Data",IF(C38<50,"🔴 Critical",IF(C38<80,"🟡 At Risk",IF(D38<20,"🟠 Low Renewable","🟢 On Track")))) -> 🟡 At Risk
A39: CMR | B39: Cameroon | C39: 71 | D39: 0 | E39: 0.37759152 | F39: Lower Middle Income | G39: Sub-Saharan Africa | H39: Moderate Access | I39: =RANK(C39,C$2:C$213,0) -> 170 | J39: =IF(D39="","",RANK(D39,D$2:D$213,0)) -> 56 | K39: =IF(E39="","",RANK(E39,E$2:E$213,1)) -> 43 | L39: =IF(C39="","No Data",IF(C39<50,"🔴 Critical",IF(C39<80,"🟡 At Risk",IF(D39<20,"🟠 Low Renewable","🟢 On Track")))) -> 🟡 At Risk
A40: COD | B40: Congo, Dem. Rep. | C40: 21.5 | D40: 0 | E40: 0.061012549 | F40: Low Income | G40: Sub-Saharan Africa | H40: Low Access | I40: =RANK(C40,C$2:C$213,0) -> 205 | J40: =IF(D40="","",RANK(D40,D$2:D$213,0)) -> 56 | K40: =IF(E40="","",RANK(E40,E$2:E$213,1)) -> 23 | L40: =IF(C40="","No Data",IF(C40<50,"🔴 Critical",IF(C40<80,"🟡 At Risk",IF(D40<20,"🟠 Low Renewable","🟢 On Track")))) -> 🔴 Critical
A41: COG | B41: Congo, Rep. | C41: 50.6 | D41: 0 | E41: 1.3849306 | F41: Lower Middle Income | G41: Sub-Saharan Africa | H41: Moderate Access | I41: =RANK(C41,C$2:C$213,0) -> 191 | J41: =IF(D41="","",RANK(D41,D$2:D$213,0)) -> 56 | K41: =IF(E41="","",RANK(E41,E$2:E$213,1)) -> 83 | L41: =IF(C41="","No Data",IF(C41<50,"🔴 Critical",IF(C41<80,"🟡 At Risk",IF(D41<20,"🟠 Low Renewable","🟢 On Track")))) -> 🟡 At Risk
A42: COL | B42: Colombia | C42: 100 | D42: 0 | E42: 1.7075398 | F42: Upper Middle Income | G42: Latin America & Caribbean | H42: Universal Access | I42: =RANK(C42,C$2:C$213,0) -> 1 | J42: =IF(OR(D42="",D42=0),"",RANK(D42,D$2:D$215,0)) | K42: =IF(E42="","",RANK(E42,E$2:E$213,1)) -> 91 | L42: =IF(C42="","No Data",IF(C42<50,"🔴 Critical",IF(C42<80,"🟡 At Risk",IF(D42<20,"🟠 Low Renewable","🟢 On Track")))) -> 🟠 Low Renewable
A43: COM | B43: Comoros | C43: 89.9 | D43: 39.3 | E43: 0.51523158 | F43: Lower Middle Income | G43: Sub-Saharan Africa | H43: High Access | I43: =RANK(C43,C$2:C$213,0) -> 157 | J43: =IF(OR(D43="",D43=0),"",RANK(D43,D$2:D$215,0)) -> 21 | K43: =IF(E43="","",RANK(E43,E$2:E$213,1)) -> 52 | L43: =IF(C43="","No Data",IF(C43<50,"🔴 Critical",IF(C43<80,"🟡 At Risk",IF(D43<20,"🟠 Low Renewable","🟢 On Track")))) -> 🟢 On Track
A44: CPV | B44: Cabo Verde | C44: 97.1 | D44: 21.8 | E44: 1.3085364 | F44: Lower Middle Income | G44: Sub-Saharan Africa | H44: Universal Access | I44: =RANK(C44,C$2:C$213,0) -> 135 | J44: =IF(OR(D44="",D44=0),"",RANK(D44,D$2:D$215,0)) -> 26 | K44: =IF(E44="","",RANK(E44,E$2:E$213,1)) -> 80 | L44: =IF(C44="","No Data",IF(C44<50,"🔴 Critical",IF(C44<80,"🟡 At Risk",IF(D44<20,"🟠 Low Renewable","🟢 On Track")))) -> 🟢 On Track
A45: CRI | B45: Costa Rica | C45: 100 | D45: 0 | E45: 1.61316 | F45: Upper Middle Income | G45: Latin America & Caribbean | H45: Universal Access | I45: =RANK(C45,C$2:C$213,0) -> 1 | J45: =IF(D45="","",RANK(D45,D$2:D$213,0)) -> 56 | K45: =IF(E45="","",RANK(E45,E$2:E$213,1)) -> 89 | L45: =IF(C45="","No Data",IF(C45<50,"🔴 Critical",IF(C45<80,"🟡 At Risk",IF(D45<20,"🟠 Low Renewable","🟢 On Track")))) -> 🟠 Low Renewable
A46: CSS | B46: Caribbean small states | C46: 98.306422 | D46: 0 | E46: 8.5921362 | F46: Unknown | G46: Unknown | H46: Universal Access | I46: =RANK(C46,C$2:C$213,0) -> 132 | J46: =IF(D46="","",RANK(D46,D$2:D$213,0)) -> 56 | K46: =IF(E46="","",RANK(E46,E$2:E$213,1)) -> 188 | L46: =IF(C46="","No Data",IF(C46<50,"🔴 Critical",IF(C46<80,"🟡 At Risk",IF(D46<20,"🟠 Low Renewable","🟢 On Track")))) -> 🟠 Low Renewable
A47: CUB | B47: Cuba | C47: 100 | D47: 0 | E47: 1.7869821 | F47: Upper Middle Income | G47: Latin America & Caribbean | H47: Universal Access | I47: =RANK(C47,C$2:C$213,0) -> 1 | J47: =IF(OR(D47="",D47=0),"",RANK(D47,D$2:D$215,0)) | K47: =IF(E47="","",RANK(E47,E$2:E$213,1)) -> 92 | L47: =IF(C47="","No Data",IF(C47<50,"🔴 Critical",IF(C47<80,"🟡 At Risk",IF(D47<20,"🟠 Low Renewable","🟢 On Track")))) -> 🟠 Low Renewable
A48: CUW | B48: Curacao | C48: 100 | D48: 0 | E48: 0 | F48: High Income | G48: Latin America & Caribbean | H48: Universal Access | I48: =RANK(C48,C$2:C$213,0) -> 1 | J48: =IF(OR(D48="",D48=0),"",RANK(D48,D$2:D$215,0)) | K48: =IF(E48="","",RANK(E48,E$2:E$213,1)) -> 1 | L48: =IF(C48="","No Data",IF(C48<50,"🔴 Critical",IF(C48<80,"🟡 At Risk",IF(D48<20,"🟠 Low Renewable","🟢 On Track")))) -> 🟠 Low Renewable
A49: CYM | B49: Cayman Islands | C49: 100 | D49: 0 | E49: 5.0034222 | F49: High Income | G49: Latin America & Caribbean | H49: Universal Access | I49: =RANK(C49,C$2:C$213,0) -> 1 | J49: =IF(D49="","",RANK(D49,D$2:D$213,0)) -> 56 | K49: =IF(E49="","",RANK(E49,E$2:E$213,1)) -> 159 | L49: =IF(C49="","No Data",IF(C49<50,"🔴 Critical",IF(C49<80,"🟡 At Risk",IF(D49<20,"🟠 Low Renewable","🟢 On Track")))) -> 🟠 Low Renewable
A50: CYP | B50: Cyprus | C50: 100 | D50: 0 | E50: 5.4253138 | F50: High Income | G50: Europe & Central Asia | H50: Universal Access | I50: =RANK(C50,C$2:C$213,0) -> 1 | J50: =IF(OR(D50="",D50=0),"",RANK(D50,D$2:D$215,0)) | K50: =IF(E50="","",RANK(E50,E$2:E$213,1)) -> 162 | L50: =IF(C50="","No Data",IF(C50<50,"🔴 Critical",IF(C50<80,"🟡 At Risk",IF(D50<20,"🟠 Low Renewable","🟢 On Track")))) -> 🟠 Low Renewable
A51: CZE | B51: Czechia | C51: 100 | D51: 0 | E51: 9.1536469 | F51: High Income | G51: Europe & Central Asia | H51: Universal Access | I51: =RANK(C51,C$2:C$213,0) -> 1 | J51: =IF(OR(D51="",D51=0),"",RANK(D51,D$2:D$215,0)) | K51: =IF(E51="","",RANK(E51,E$2:E$213,1)) -> 191 | L51: =IF(C51="","No Data",IF(C51<50,"🔴 Critical",IF(C51<80,"🟡 At Risk",IF(D51<20,"🟠 Low Renewable","🟢 On Track")))) -> 🟠 Low Renewable
A52: DEU | B52: Germany | C52: 100 | D52: 0 | E52: 7.9118286 | F52: High Income | G52: Europe & Central Asia | H52: Universal Access | I52: =RANK(C52,C$2:C$213,0) -> 1 | J52: =IF(OR(D52="",D52=0),"",RANK(D52,D$2:D$215,0)) | K52: =IF(E52="","",RANK(E52,E$2:E$213,1)) -> 180 | L52: =IF(C52="","No Data",IF(C52<50,"🔴 Critical",IF(C52<80,"🟡 At Risk",IF(D52<20,"🟠 Low Renewable","🟢 On Track")))) -> 🟠 Low Renewable
A53: DJI | B53: Djibouti | C53: 65 | D53: 26.9 | E53: 0.76229272 | F53: Lower Middle Income | G53: Middle East & North Africa | H53: Moderate Access | I53: =RANK(C53,C$2:C$213,0) -> 176 | J53: =IF(OR(D53="",D53=0),"",RANK(D53,D$2:D$215,0)) -> 25 | K53: =IF(E53="","",RANK(E53,E$2:E$213,1)) -> 65 | L53: =IF(C53="","No Data",IF(C53<50,"🔴 Critical",IF(C53<80,"🟡 At Risk",IF(D53<20,"🟠 Low Renewable","🟢 On Track")))) -> 🟡 At Risk
A54: DMA | B54: Dominica | C54: 100 | D54: 8.9 | E54: 1.2150959 | F54: Upper Middle Income | G54: Latin America & Caribbean | H54: Universal Access | I54: =RANK(C54,C$2:C$213,0) -> 1 | J54: =IF(OR(D54="",D54=0),"",RANK(D54,D$2:D$215,0)) -> 38 | K54: =IF(E54="","",RANK(E54,E$2:E$213,1)) -> 78 | L54: =IF(C54="","No Data",IF(C54<50,"🔴 Critical",IF(C54<80,"🟡 At Risk",IF(D54<20,"🟠 Low Renewable","🟢 On Track")))) -> 🟠 Low Renewable
A55: DNK | B55: Denmark | C55: 100 | D55: 0 | E55: 4.8270407 | F55: High Income | G55: Europe & Central Asia | H55: Universal Access | I55: =RANK(C55,C$2:C$213,0) -> 1 | J55: =IF(OR(D55="",D55=0),"",RANK(D55,D$2:D$215,0)) | K55: =IF(E55="","",RANK(E55,E$2:E$213,1)) -> 154 | L55: =IF(C55="","No Data",IF(C55<50,"🔴 Critical",IF(C55<80,"🟡 At Risk",IF(D55<20,"🟠 Low Renewable","🟢 On Track")))) -> 🟠 Low Renewable
A56: DOM | B56: Dominican Republic | C56: 98.1 | D56: 0 | E56: 2.8593679 | F56: Upper Middle Income | G56: Latin America & Caribbean | H56: Universal Access | I56: =RANK(C56,C$2:C$213,0) -> 134 | J56: =IF(OR(D56="",D56=0),"",RANK(D56,D$2:D$215,0)) | K56: =IF(E56="","",RANK(E56,E$2:E$213,1)) -> 119 | L56: =IF(C56="","No Data",IF(C56<50,"🔴 Critical",IF(C56<80,"🟡 At Risk",IF(D56<20,"🟠 Low Renewable","🟢 On Track")))) -> 🟠 Low Renewable
A57: DZA | B57: Algeria | C57: 100 | D57: 0 | E57: 4.1600585 | F57: Lower Middle Income | G57: Middle East & North Africa | H57: Universal Access | I57: =RANK(C57,C$2:C$213,0) -> 1 | J57: =IF(OR(D57="",D57=0),"",RANK(D57,D$2:D$215,0)) | K57: =IF(E57="","",RANK(E57,E$2:E$213,1)) -> 141 | L57: =IF(C57="","No Data",IF(C57<50,"🔴 Critical",IF(C57<80,"🟡 At Risk",IF(D57<20,"🟠 Low Renewable","🟢 On Track")))) -> 🟠 Low Renewable
A58: EAR | B58: Early-demographic dividend | C58: 95.157574 | D58: 0 | E58: 0 | F58: Unknown | G58: Unknown | H58: Universal Access | I58: =RANK(C58,C$2:C$213,0) -> 139 | J58: =IF(D58="","",RANK(D58,D$2:D$213,0)) -> 56 | K58: =IF(E58="","",RANK(E58,E$2:E$213,1)) -> 1 | L58: =IF(C58="","No Data",IF(C58<50,"🔴 Critical",IF(C58<80,"🟡 At Risk",IF(D58<20,"🟠 Low Renewable","🟢 On Track")))) -> 🟠 Low Renewable
A59: EAS | B59: East Asia & Pacific | C59: 98.213906 | D59: 0 | E59: 7.0641842 | F59: Unknown | G59: Unknown | H59: Universal Access | I59: =RANK(C59,C$2:C$213,0) -> 133 | J59: =IF(D59="","",RANK(D59,D$2:D$213,0)) -> 56 | K59: =IF(E59="","",RANK(E59,E$2:E$213,1)) -> 174 | L59: =IF(C59="","No Data",IF(C59<50,"🔴 Critical",IF(C59<80,"🟡 At Risk",IF(D59<20,"🟠 Low Renewable","🟢 On Track")))) -> 🟠 Low Renewable
A60: ECS | B60: Europe & Central Asia | C60: 99.997732 | D60: 0 | E60: 6.855069 | F60: Unknown | G60: Unknown | H60: Universal Access | I60: =RANK(C60,C$2:C$213,0) -> 117 | J60: =IF(D60="","",RANK(D60,D$2:D$213,0)) -> 56 | K60: =IF(E60="","",RANK(E60,E$2:E$213,1)) -> 172 | L60: =IF(C60="","No Data",IF(C60<50,"🔴 Critical",IF(C60<80,"🟡 At Risk",IF(D60<20,"🟠 Low Renewable","🟢 On Track")))) -> 🟠 Low Renewable
A61: ECU | B61: Ecuador | C61: 100 | D61: 0 | E61: 2.4780944 | F61: Upper Middle Income | G61: Latin America & Caribbean | H61: Universal Access | I61: =RANK(C61,C$2:C$213,0) -> 1 | J61: =IF(OR(D61="",D61=0),"",RANK(D61,D$2:D$215,0)) | K61: =IF(E61="","",RANK(E61,E$2:E$213,1)) -> 107 | L61: =IF(C61="","No Data",IF(C61<50,"🔴 Critical",IF(C61<80,"🟡 At Risk",IF(D61<20,"🟠 Low Renewable","🟢 On Track")))) -> 🟠 Low Renewable
A62: EGY | B62: Egypt, Arab Rep. | C62: 100 | D62: 0 | E62: 2.299748 | F62: Lower Middle Income | G62: Middle East & North Africa | H62: Universal Access | I62: =RANK(C62,C$2:C$213,0) -> 1 | J62: =IF(OR(D62="",D62=0),"",RANK(D62,D$2:D$215,0)) | K62: =IF(E62="","",RANK(E62,E$2:E$213,1)) -> 105 | L62: =IF(C62="","No Data",IF(C62<50,"🔴 Critical",IF(C62<80,"🟡 At Risk",IF(D62<20,"🟠 Low Renewable","🟢 On Track")))) -> 🟠 Low Renewable
A63: EMU | B63: Euro area | C63: 100 | D63: 0 | E63: 6.0427164 | F63: Unknown | G63: Unknown | H63: Universal Access | I63: =RANK(C63,C$2:C$213,0) -> 1 | J63: =IF(D63="","",RANK(D63,D$2:D$213,0)) -> 56 | K63: =IF(E63="","",RANK(E63,E$2:E$213,1)) -> 164 | L63: =IF(C63="","No Data",IF(C63<50,"🔴 Critical",IF(C63<80,"🟡 At Risk",IF(D63<20,"🟠 Low Renewable","🟢 On Track")))) -> 🟠 Low Renewable
A64: ERI | B64: Eritrea | C64: 53.4 | D64: 0 | E64: 0.21994769 | F64: Low Income | G64: Sub-Saharan Africa | H64: Moderate Access | I64: =RANK(C64,C$2:C$213,0) -> 186 | J64: =IF(D64="","",RANK(D64,D$2:D$213,0)) -> 56 | K64: =IF(E64="","",RANK(E64,E$2:E$213,1)) -> 34 | L64: =IF(C64="","No Data",IF(C64<50,"🔴 Critical",IF(C64<80,"🟡 At Risk",IF(D64<20,"🟠 Low Renewable","🟢 On Track")))) -> 🟡 At Risk
A65: ESP | B65: Spain | C65: 100 | D65: 0 | E65: 4.994222 | F65: High Income | G65: Europe & Central Asia | H65: Universal Access | I65: =RANK(C65,C$2:C$213,0) -> 1 | J65: =IF(OR(D65="",D65=0),"",RANK(D65,D$2:D$215,0)) | K65: =IF(E65="","",RANK(E65,E$2:E$213,1)) -> 158 | L65: =IF(C65="","No Data",IF(C65<50,"🔴 Critical",IF(C65<80,"🟡 At Risk",IF(D65<20,"🟠 Low Renewable","🟢 On Track")))) -> 🟠 Low Renewable
A66: EST | B66: Estonia | C66: 100 | D66: 0 | E66: 11.13416 | F66: High Income | G66: Europe & Central Asia | H66: Universal Access | I66: =RANK(C66,C$2:C$213,0) -> 1 | J66: =IF(D66="","",RANK(D66,D$2:D$213,0)) -> 56 | K66: =IF(E66="","",RANK(E66,E$2:E$213,1)) -> 196 | L66: =IF(C66="","No Data",IF(C66<50,"🔴 Critical",IF(C66<80,"🟡 At Risk",IF(D66<20,"🟠 Low Renewable","🟢 On Track")))) -> 🟠 Low Renewable
A67: ETH | B67: Ethiopia | C67: 55.4 | D67: 0 | E67: 0.14622965 | F67: Low Income | G67: Sub-Saharan Africa | H67: Moderate Access | I67: =RANK(C67,C$2:C$213,0) -> 184 | J67: =IF(OR(D67="",D67=0),"",RANK(D67,D$2:D$215,0)) | K67: =IF(E67="","",RANK(E67,E$2:E$213,1)) -> 28 | L67: =IF(C67="","No Data",IF(C67<50,"🔴 Critical",IF(C67<80,"🟡 At Risk",IF(D67<20,"🟠 Low Renewable","🟢 On Track")))) -> 🟡 At Risk
A68: EUU | B68: European Union | C68: 100 | D68: 0 | E68: 6.1463494 | F68: Unknown | G68: Unknown | H68: Universal Access | I68: =RANK(C68,C$2:C$213,0) -> 1 | J68: =IF(D68="","",RANK(D68,D$2:D$213,0)) -> 56 | K68: =IF(E68="","",RANK(E68,E$2:E$213,1)) -> 166 | L68: =IF(C68="","No Data",IF(C68<50,"🔴 Critical",IF(C68<80,"🟡 At Risk",IF(D68<20,"🟠 Low Renewable","🟢 On Track")))) -> 🟠 Low Renewable
A69: FCS | B69: Fragile and conflict affected situations | C69: 57.945871 | D69: 0 | E69: 0 | F69: Unknown | G69: Unknown | H69: Moderate Access | I69: =RANK(C69,C$2:C$213,0) -> 180 | J69: =IF(D69="","",RANK(D69,D$2:D$213,0)) -> 56 | K69: =IF(E69="","",RANK(E69,E$2:E$213,1)) -> 1 | L69: =IF(C69="","No Data",IF(C69<50,"🔴 Critical",IF(C69<80,"🟡 At Risk",IF(D69<20,"🟠 Low Renewable","🟢 On Track")))) -> 🟡 At Risk
A70: FIN | B70: Finland | C70: 100 | D70: 0 | E70: 6.681622 | F70: High Income | G70: Europe & Central Asia | H70: Universal Access | I70: =RANK(C70,C$2:C$213,0) -> 1 | J70: =IF(OR(D70="",D70=0),"",RANK(D70,D$2:D$215,0)) | K70: =IF(E70="","",RANK(E70,E$2:E$213,1)) -> 169 | L70: =IF(C70="","No Data",IF(C70<50,"🔴 Critical",IF(C70<80,"🟡 At Risk",IF(D70<20,"🟠 Low Renewable","🟢 On Track")))) -> 🟠 Low Renewable
A71: FJI | B71: Fiji | C71: 92 | D71: 28.4 | E71: 1.5600018 | F71: Upper Middle Income | G71: East Asia & Pacific | H71: High Access | I71: =RANK(C71,C$2:C$213,0) -> 152 | J71: =IF(OR(D71="",D71=0),"",RANK(D71,D$2:D$215,0)) -> 24 | K71: =IF(E71="","",RANK(E71,E$2:E$213,1)) -> 88 | L71: =IF(C71="","No Data",IF(C71<50,"🔴 Critical",IF(C71<80,"🟡 At Risk",IF(D71<20,"🟠 Low Renewable","🟢 On Track")))) -> 🟢 On Track
A72: FRA | B72: France | C72: 100 | D72: 0 | E72: 4.5124683 | F72: High Income | G72: Europe & Central Asia | H72: Universal Access | I72: =RANK(C72,C$2:C$213,0) -> 1 | J72: =IF(OR(D72="",D72=0),"",RANK(D72,D$2:D$215,0)) | K72: =IF(E72="","",RANK(E72,E$2:E$213,1)) -> 147 | L72: =IF(C72="","No Data",IF(C72<50,"🔴 Critical",IF(C72<80,"🟡 At Risk",IF(D72<20,"🟠 Low Renewable","🟢 On Track")))) -> 🟠 Low Renewable
A73: FRO | B73: Faroe Islands | C73: 100 | D73: 7.9 | E73: 0.038952367 | F73: High Income | G73: Europe & Central Asia | H73: Universal Access | I73: =RANK(C73,C$2:C$213,0) -> 1 | J73: =IF(OR(D73="",D73=0),"",RANK(D73,D$2:D$215,0)) -> 40 | K73: =IF(E73="","",RANK(E73,E$2:E$213,1)) -> 21 | L73: =IF(C73="","No Data",IF(C73<50,"🔴 Critical",IF(C73<80,"🟡 At Risk",IF(D73<20,"🟠 Low Renewable","🟢 On Track")))) -> 🟠 Low Renewable
A74: FSM | B74: Micronesia, Fed. Sts. | C74: 85.3 | D74: 2 | E74: 0.001783899 | F74: Lower Middle Income | G74: East Asia & Pacific | H74: High Access | I74: =RANK(C74,C$2:C$213,0) -> 160 | J74: =IF(D74="","",RANK(D74,D$2:D$213,0)) -> 47 | K74: =IF(E74="","",RANK(E74,E$2:E$213,1)) -> 17 | L74: =IF(C74="","No Data",IF(C74<50,"🔴 Critical",IF(C74<80,"🟡 At Risk",IF(D74<20,"🟠 Low Renewable","🟢 On Track")))) -> 🟠 Low Renewable
A75: GAB | B75: Gabon | C75: 93.5 | D75: 0 | E75: 2.2969482 | F75: Upper Middle Income | G75: Sub-Saharan Africa | H75: High Access | I75: =RANK(C75,C$2:C$213,0) -> 149 | J75: =IF(OR(D75="",D75=0),"",RANK(D75,D$2:D$215,0)) | K75: =IF(E75="","",RANK(E75,E$2:E$213,1)) -> 104 | L75: =IF(C75="","No Data",IF(C75<50,"🔴 Critical",IF(C75<80,"🟡 At Risk",IF(D75<20,"🟠 Low Renewable","🟢 On Track")))) -> 🟠 Low Renewable
A76: GBR | B76: United Kingdom | C76: 100 | D76: 0 | E76: 4.8073324 | F76: High Income | G76: Europe & Central Asia | H76: Universal Access | I76: =RANK(C76,C$2:C$213,0) -> 1 | J76: =IF(OR(D76="",D76=0),"",RANK(D76,D$2:D$215,0)) | K76: =IF(E76="","",RANK(E76,E$2:E$213,1)) -> 153 | L76: =IF(C76="","No Data",IF(C76<50,"🔴 Critical",IF(C76<80,"🟡 At Risk",IF(D76<20,"🟠 Low Renewable","🟢 On Track")))) -> 🟠 Low Renewable
A77: GEO | B77: Georgia | C77: 100 | D77: 0 | E77: 3.6263954 | F77: Upper Middle Income | G77: Europe & Central Asia | H77: Universal Access | I77: =RANK(C77,C$2:C$213,0) -> 1 | J77: =IF(OR(D77="",D77=0),"",RANK(D77,D$2:D$215,0)) | K77: =IF(E77="","",RANK(E77,E$2:E$213,1)) -> 129 | L77: =IF(C77="","No Data",IF(C77<50,"🔴 Critical",IF(C77<80,"🟡 At Risk",IF(D77<20,"🟠 Low Renewable","🟢 On Track")))) -> 🟠 Low Renewable
A78: GHA | B78: Ghana | C78: 85.1 | D78: 0 | E78: 0.71759905 | F78: Lower Middle Income | G78: Sub-Saharan Africa | H78: High Access | I78: =RANK(C78,C$2:C$213,0) -> 162 | J78: =IF(OR(D78="",D78=0),"",RANK(D78,D$2:D$215,0)) | K78: =IF(E78="","",RANK(E78,E$2:E$213,1)) -> 62 | L78: =IF(C78="","No Data",IF(C78<50,"🔴 Critical",IF(C78<80,"🟡 At Risk",IF(D78<20,"🟠 Low Renewable","🟢 On Track")))) -> 🟠 Low Renewable
A79: GIB | B79: Gibraltar | C79: 100 | D79: 0 | E79: 16.902869 | F79: High Income | G79: Europe & Central Asia | H79: Universal Access | I79: =RANK(C79,C$2:C$213,0) -> 1 | J79: =IF(D79="","",RANK(D79,D$2:D$213,0)) -> 56 | K79: =IF(E79="","",RANK(E79,E$2:E$213,1)) -> 204 | L79: =IF(C79="","No Data",IF(C79<50,"🔴 Critical",IF(C79<80,"🟡 At Risk",IF(D79<20,"🟠 Low Renewable","🟢 On Track")))) -> 🟠 Low Renewable
A80: GIN | B80: Guinea | C80: 47.7 | D80: 66.6 | E80: 0.37145138 | F80: Low Income | G80: Sub-Saharan Africa | H80: Low Access | I80: =RANK(C80,C$2:C$213,0) -> 198 | J80: =IF(D80="","",RANK(D80,D$2:D$213,0)) -> 12 | K80: =IF(E80="","",RANK(E80,E$2:E$213,1)) -> 42 | L80: =IF(C80="","No Data",IF(C80<50,"🔴 Critical",IF(C80<80,"🟡 At Risk",IF(D80<20,"🟠 Low Renewable","🟢 On Track")))) -> 🔴 Critical
A81: GMB | B81: Gambia, The | C81: 65.4 | D81: 47.7 | E81: 0.18771312 | F81: Low Income | G81: Sub-Saharan Africa | H81: Moderate Access | I81: =RANK(C81,C$2:C$213,0) -> 175 | J81: =IF(OR(D81="",D81=0),"",RANK(D81,D$2:D$215,0)) -> 18 | K81: =IF(E81="","",RANK(E81,E$2:E$213,1)) -> 33 | L81: =IF(C81="","No Data",IF(C81<50,"🔴 Critical",IF(C81<80,"🟡 At Risk",IF(D81<20,"🟠 Low Renewable","🟢 On Track")))) -> 🟡 At Risk
A82: GNB | B82: Guinea-Bissau | C82: 37.4 | D82: 87.4 | E82: 0.16333187 | F82: Low Income | G82: Sub-Saharan Africa | H82: Low Access | I82: =RANK(C82,C$2:C$213,0) -> 200 | J82: =IF(D82="","",RANK(D82,D$2:D$213,0)) -> 4 | K82: =IF(E82="","",RANK(E82,E$2:E$213,1)) -> 31 | L82: =IF(C82="","No Data",IF(C82<50,"🔴 Critical",IF(C82<80,"🟡 At Risk",IF(D82<20,"🟠 Low Renewable","🟢 On Track")))) -> 🔴 Critical
A83: GNQ | B83: Equatorial Guinea | C83: 67 | D83: 4.2 | E83: 2.8215542 | F83: Upper Middle Income | G83: Sub-Saharan Africa | H83: Moderate Access | I83: =RANK(C83,C$2:C$213,0) -> 173 | J83: =IF(D83="","",RANK(D83,D$2:D$213,0)) -> 44 | K83: =IF(E83="","",RANK(E83,E$2:E$213,1)) -> 118 | L83: =IF(C83="","No Data",IF(C83<50,"🔴 Critical",IF(C83<80,"🟡 At Risk",IF(D83<20,"🟠 Low Renewable","🟢 On Track")))) -> 🟡 At Risk
A84: GRC | B84: Greece | C84: 100 | D84: 0 | E84: 5.2809259 | F84: High Income | G84: Europe & Central Asia | H84: Universal Access | I84: =RANK(C84,C$2:C$213,0) -> 1 | J84: =IF(OR(D84="",D84=0),"",RANK(D84,D$2:D$215,0)) | K84: =IF(E84="","",RANK(E84,E$2:E$213,1)) -> 161 | L84: =IF(C84="","No Data",IF(C84<50,"🔴 Critical",IF(C84<80,"🟡 At Risk",IF(D84<20,"🟠 Low Renewable","🟢 On Track")))) -> 🟠 Low Renewable
A85: GRD | B85: Grenada | C85: 94.2 | D85: 10 | E85: 1.4489407 | F85: Upper Middle Income | G85: Latin America & Caribbean | H85: High Access | I85: =RANK(C85,C$2:C$213,0) -> 146 | J85: =IF(D85="","",RANK(D85,D$2:D$213,0)) -> 35 | K85: =IF(E85="","",RANK(E85,E$2:E$213,1)) -> 84 | L85: =IF(C85="","No Data",IF(C85<50,"🔴 Critical",IF(C85<80,"🟡 At Risk",IF(D85<20,"🟠 Low Renewable","🟢 On Track")))) -> 🟠 Low Renewable
A86: GRL | B86: Greenland | C86: 100 | D86: 11.7 | E86: 10.419866 | F86: High Income | G86: Europe & Central Asia | H86: Universal Access | I86: =RANK(C86,C$2:C$213,0) -> 1 | J86: =IF(D86="","",RANK(D86,D$2:D$213,0)) -> 33 | K86: =IF(E86="","",RANK(E86,E$2:E$213,1)) -> 194 | L86: =IF(C86="","No Data",IF(C86<50,"🔴 Critical",IF(C86<80,"🟡 At Risk",IF(D86<20,"🟠 Low Renewable","🟢 On Track")))) -> 🟠 Low Renewable
A87: GTM | B87: Guatemala | C87: 99.1 | D87: 0 | E87: 1.0618518 | F87: Upper Middle Income | G87: Latin America & Caribbean | H87: Universal Access | I87: =RANK(C87,C$2:C$213,0) -> 125 | J87: =IF(OR(D87="",D87=0),"",RANK(D87,D$2:D$215,0)) | K87: =IF(E87="","",RANK(E87,E$2:E$213,1)) -> 75 | L87: =IF(C87="","No Data",IF(C87<50,"🔴 Critical",IF(C87<80,"🟡 At Risk",IF(D87<20,"🟠 Low Renewable","🟢 On Track")))) -> 🟠 Low Renewable
A88: GUM | B88: Guam | C88: 100 | D88: 6.7 | E88: 0.001816201 | F88: High Income | G88: East Asia & Pacific | H88: Universal Access | I88: =RANK(C88,C$2:C$213,0) -> 1 | J88: =IF(OR(D88="",D88=0),"",RANK(D88,D$2:D$215,0)) -> 42 | K88: =IF(E88="","",RANK(E88,E$2:E$213,1)) -> 18 | L88: =IF(C88="","No Data",IF(C88<50,"🔴 Critical",IF(C88<80,"🟡 At Risk",IF(D88<20,"🟠 Low Renewable","🟢 On Track")))) -> 🟠 Low Renewable
